01/01/2015;314.248993
02/01/2015;315.032013
03/01/2015;281.082001
04/01/2015;264.195007
05/01/2015;274.473999
06/01/2015;286.188995
07/01/2015;294.337006
08/01/2015;283.348999
09/01/2015;290.407990
10/01/2015;274.795990
11/01/2015;265.660004
12/01/2015;267.795990
13/01/2015;225.860992
14/01/2015;178.102997
15/01/2015;209.843994
16/01/2015;208.097000
17/01/2015;199.259995
18/01/2015;210.339005
19/01/2015;214.860992
20/01/2015;211.315002
21/01/2015;226.897003
22/01/2015;233.406006
23/01/2015;232.878998
24/01/2015;247.847000
25/01/2015;253.718002
26/01/2015;273.472992
27/01/2015;263.475006
28/01/2015;233.914993
29/01/2015;233.513000
30/01/2015;226.425003
31/01/2015;217.464005
01/02/2015;226.972000
02/02/2015;238.229004
03/02/2015;227.268005
04/02/2015;226.852997
05/02/2015;217.110992
06/02/2015;222.266006
07/02/2015;227.753998
08/02/2015;223.412003
09/02/2015;220.110001
10/02/2015;219.839005
11/02/2015;219.184998
12/02/2015;221.764008
13/02/2015;235.427002
14/02/2015;257.321014
15/02/2015;234.824997
16/02/2015;233.843002
17/02/2015;243.610001
18/02/2015;236.326004
19/02/2015;240.283005
20/02/2015;243.779007
21/02/2015;244.533997
22/02/2015;235.977005
23/02/2015;238.891998
24/02/2015;238.735001
25/02/2015;237.470001
26/02/2015;236.425995
27/02/2015;253.828003
28/02/2015;254.263000
01/03/2015;260.201996
02/03/2015;275.670013
03/03/2015;281.701996
04/03/2015;273.092010
05/03/2015;276.178009
06/03/2015;272.722992
07/03/2015;276.260986
08/03/2015;274.354004
09/03/2015;289.606995
10/03/2015;291.760010
11/03/2015;296.378998
12/03/2015;294.354004
13/03/2015;285.337006
14/03/2015;281.885010
15/03/2015;286.393005
16/03/2015;290.592987
17/03/2015;285.505005
18/03/2015;256.299011
19/03/2015;260.928009
20/03/2015;261.748993
21/03/2015;260.024994
22/03/2015;267.959991
23/03/2015;266.739990
24/03/2015;245.595001
25/03/2015;246.197006
26/03/2015;248.531998
27/03/2015;247.029007
28/03/2015;252.798004
29/03/2015;242.712997
30/03/2015;247.526001
31/03/2015;244.223999
01/04/2015;247.272003
02/04/2015;253.005005
03/04/2015;254.322006
04/04/2015;253.697006
05/04/2015;260.597992
06/04/2015;255.492004
07/04/2015;253.179993
08/04/2015;245.022003
09/04/2015;243.675995
10/04/2015;236.072006
11/04/2015;236.552002
12/04/2015;236.153000
13/04/2015;224.587006
14/04/2015;219.158997
15/04/2015;223.832993
16/04/2015;228.572998
17/04/2015;222.882004
18/04/2015;223.356003
19/04/2015;222.600006
20/04/2015;224.626007
21/04/2015;235.268997
22/04/2015;234.175995
23/04/2015;236.462006
24/04/2015;231.268005
25/04/2015;226.389999
26/04/2015;219.429993
27/04/2015;229.285995
28/04/2015;225.854996
29/04/2015;225.807999
30/04/2015;236.145004
01/05/2015;232.078995
02/05/2015;234.929993
03/05/2015;240.358002
04/05/2015;239.018005
05/05/2015;236.121002
06/05/2015;229.781998
07/05/2015;237.334000
08/05/2015;243.863007
09/05/2015;241.832001
10/05/2015;240.296005
11/05/2015;242.158005
12/05/2015;241.112000
13/05/2015;236.376999
14/05/2015;236.929001
15/05/2015;237.604996
16/05/2015;236.153000
17/05/2015;236.802002
18/05/2015;233.128006
19/05/2015;231.947006
20/05/2015;234.018005
21/05/2015;235.343994
22/05/2015;240.348007
23/05/2015;238.871994
24/05/2015;240.953003
25/05/2015;237.110001
26/05/2015;237.115997
27/05/2015;237.283005
28/05/2015;237.408005
29/05/2015;237.095993
30/05/2015;233.345001
31/05/2015;230.190002
01/06/2015;222.925995
02/06/2015;225.802994
03/06/2015;225.873993
04/06/2015;224.324005
05/06/2015;224.951996
06/06/2015;225.619003
07/06/2015;222.880997
08/06/2015;228.488998
09/06/2015;229.048004
10/06/2015;228.802994
11/06/2015;229.705002
12/06/2015;229.981995
13/06/2015;232.401993
14/06/2015;233.542999
15/06/2015;236.822998
16/06/2015;250.895004
17/06/2015;249.283997
18/06/2015;249.007004
19/06/2015;244.606003
20/06/2015;245.212006
21/06/2015;243.944000
22/06/2015;246.990005
23/06/2015;244.296005
24/06/2015;240.514999
25/06/2015;242.798996
26/06/2015;243.593994
27/06/2015;250.990005
28/06/2015;249.011002
29/06/2015;257.063995
30/06/2015;263.071991
01/07/2015;258.621002
02/07/2015;255.412003
03/07/2015;256.335999
04/07/2015;260.885986
05/07/2015;271.912994
06/07/2015;269.029999
07/07/2015;266.207001
08/07/2015;270.785004
09/07/2015;269.227997
10/07/2015;284.894012
11/07/2015;293.114990
12/07/2015;310.867004
13/07/2015;292.053986
14/07/2015;287.463989
15/07/2015;285.829010
16/07/2015;278.088989
17/07/2015;279.471985
18/07/2015;274.901001
19/07/2015;273.614014
20/07/2015;278.980988
21/07/2015;275.833008
22/07/2015;277.221985
23/07/2015;276.049011
24/07/2015;288.278015
25/07/2015;288.696991
26/07/2015;292.686005
27/07/2015;293.623993
28/07/2015;294.427002
29/07/2015;289.589996
30/07/2015;287.721985
31/07/2015;284.649994
01/08/2015;281.601013
02/08/2015;282.614014
03/08/2015;281.226990
04/08/2015;285.217987
05/08/2015;281.881989
06/08/2015;278.576996
07/08/2015;279.584991
08/08/2015;260.997009
09/08/2015;265.083008
10/08/2015;264.470001
11/08/2015;270.385986
12/08/2015;266.376007
13/08/2015;264.079987
14/08/2015;265.679993
15/08/2015;261.550995
16/08/2015;258.506989
17/08/2015;257.976013
18/08/2015;211.078995
19/08/2015;226.684006
20/08/2015;235.350006
21/08/2015;232.569000
22/08/2015;230.389999
23/08/2015;228.169006
24/08/2015;210.494995
25/08/2015;221.608994
26/08/2015;225.830994
27/08/2015;224.768997
28/08/2015;231.395996
29/08/2015;229.779999
30/08/2015;228.761002
31/08/2015;230.056000
01/09/2015;228.121002
02/09/2015;229.283997
03/09/2015;227.182999
04/09/2015;230.298004
05/09/2015;235.018997
06/09/2015;239.839996
07/09/2015;239.847000
08/09/2015;243.606995
09/09/2015;238.167999
10/09/2015;238.477005
11/09/2015;240.106995
12/09/2015;235.229004
13/09/2015;230.511993
14/09/2015;230.643997
15/09/2015;230.304001
16/09/2015;229.091003
17/09/2015;229.809998
18/09/2015;232.975006
19/09/2015;231.492996
20/09/2015;231.212006
21/09/2015;227.085007
22/09/2015;230.617996
23/09/2015;230.283005
24/09/2015;234.529007
25/09/2015;235.143997
26/09/2015;234.339996
27/09/2015;232.757004
28/09/2015;239.141998
29/09/2015;236.686996
30/09/2015;236.059998
01/10/2015;237.548996
02/10/2015;237.292999
03/10/2015;238.729996
04/10/2015;238.259003
05/10/2015;240.382996
06/10/2015;246.063004
07/10/2015;242.968994
08/10/2015;242.304001
09/10/2015;243.931000
10/10/2015;244.940994
11/10/2015;247.050003
12/10/2015;245.307999
13/10/2015;249.507996
14/10/2015;251.988998
15/10/2015;254.320007
16/10/2015;262.868988
17/10/2015;270.640015
18/10/2015;261.643005
19/10/2015;263.437012
20/10/2015;269.463013
21/10/2015;266.272003
22/10/2015;274.023010
23/10/2015;276.496002
24/10/2015;281.653992
25/10/2015;283.679993
26/10/2015;285.299988
27/10/2015;293.787994
28/10/2015;304.618011
29/10/2015;313.855011
30/10/2015;328.015015
31/10/2015;314.165985
01/11/2015;325.431000
02/11/2015;361.188995
03/11/2015;403.416992
04/11/2015;411.562988
05/11/2015;386.354004
06/11/2015;374.470001
07/11/2015;386.481995
08/11/2015;373.368011
09/11/2015;380.256989
10/11/2015;336.819000
11/11/2015;311.084015
12/11/2015;338.152008
13/11/2015;336.752991
14/11/2015;332.906006
15/11/2015;320.165985
16/11/2015;330.751007
17/11/2015;335.093994
18/11/2015;334.589996
19/11/2015;326.148987
20/11/2015;322.022003
21/11/2015;326.927002
22/11/2015;324.536011
23/11/2015;323.045990
24/11/2015;320.045990
25/11/2015;328.205994
26/11/2015;352.683990
27/11/2015;358.041992
28/11/2015;357.381012
29/11/2015;371.294006
30/11/2015;377.321014
01/12/2015;362.488007
02/12/2015;359.187012
03/12/2015;361.045990
04/12/2015;363.183014
05/12/2015;388.949005
06/12/2015;388.782990
07/12/2015;395.536011
08/12/2015;415.562988
09/12/2015;417.562988
10/12/2015;415.479004
11/12/2015;451.937988
12/12/2015;434.997009
13/12/2015;433.755005
14/12/2015;444.182007
15/12/2015;465.321014
16/12/2015;454.933990
17/12/2015;456.078003
18/12/2015;463.615997
19/12/2015;462.321991
20/12/2015;442.684998
21/12/2015;438.639008
22/12/2015;436.571991
23/12/2015;442.401001
24/12/2015;454.984985
25/12/2015;455.653015
26/12/2015;417.273987
27/12/2015;422.822998
28/12/2015;422.278992
29/12/2015;432.983002
30/12/2015;426.619995
31/12/2015;430.566986
01/01/2016;434.334015
02/01/2016;433.437988
03/01/2016;430.010986
04/01/2016;433.091003
05/01/2016;431.959991
06/01/2016;429.105011
07/01/2016;458.048004
08/01/2016;453.230011
09/01/2016;447.610992
10/01/2016;447.990997
11/01/2016;448.428009
12/01/2016;435.690002
13/01/2016;432.371002
14/01/2016;430.306000
15/01/2016;364.330994
16/01/2016;387.536011
17/01/2016;382.299011
18/01/2016;387.167999
19/01/2016;380.148987
20/01/2016;420.230011
21/01/2016;410.261993
22/01/2016;382.492004
23/01/2016;387.490997
24/01/2016;402.971008
25/01/2016;391.726013
26/01/2016;392.153015
27/01/2016;394.971985
28/01/2016;380.289001
29/01/2016;379.473999
30/01/2016;378.255005
31/01/2016;368.766998
01/02/2016;373.056000
02/02/2016;374.447998
03/02/2016;369.949005
04/02/2016;389.593994
05/02/2016;386.549011
06/02/2016;376.522003
07/02/2016;376.619995
08/02/2016;373.446991
09/02/2016;376.028992
10/02/2016;381.648987
11/02/2016;379.653992
12/02/2016;384.263000
13/02/2016;391.859985
14/02/2016;407.230011
15/02/2016;400.184998
16/02/2016;407.488007
17/02/2016;416.321991
18/02/2016;422.372986
19/02/2016;420.785004
20/02/2016;437.164001
21/02/2016;438.798004
22/02/2016;437.747986
23/02/2016;420.735992
24/02/2016;424.954987
25/02/2016;424.544006
26/02/2016;432.152008
27/02/2016;432.519012
28/02/2016;433.503998
29/02/2016;437.696991
01/03/2016;435.122986
02/03/2016;423.989014
03/03/2016;421.651001
04/03/2016;410.938995
05/03/2016;400.570007
06/03/2016;407.707001
07/03/2016;414.321014
08/03/2016;413.971985
09/03/2016;414.859985
10/03/2016;417.131012
11/03/2016;421.690002
12/03/2016;411.623993
13/03/2016;414.065002
14/03/2016;416.437988
15/03/2016;416.829987
16/03/2016;417.010986
17/03/2016;420.621002
18/03/2016;409.548004
19/03/2016;410.444000
20/03/2016;413.755005
21/03/2016;413.307007
22/03/2016;418.088989
23/03/2016;418.040985
24/03/2016;416.394012
25/03/2016;417.177002
26/03/2016;417.945007
27/03/2016;426.765015
28/03/2016;424.230988
29/03/2016;416.515991
30/03/2016;414.816010
31/03/2016;416.729004
01/04/2016;417.959991
02/04/2016;420.872986
03/04/2016;420.903992
04/04/2016;421.444000
05/04/2016;424.029999
06/04/2016;423.412994
07/04/2016;422.744995
08/04/2016;420.348999
09/04/2016;419.411011
10/04/2016;421.563995
11/04/2016;422.483002
12/04/2016;425.190002
13/04/2016;423.734009
14/04/2016;424.282013
15/04/2016;429.713013
16/04/2016;430.571991
17/04/2016;427.398987
18/04/2016;428.591003
19/04/2016;435.509003
20/04/2016;441.389008
21/04/2016;449.424988
22/04/2016;445.737000
23/04/2016;450.282013
24/04/2016;458.554993
25/04/2016;461.425995
26/04/2016;466.088989
27/04/2016;444.687012
28/04/2016;449.010986
29/04/2016;455.096985
30/04/2016;448.317993
01/05/2016;451.875000
02/05/2016;444.669006
03/05/2016;450.303986
04/05/2016;446.721985
05/05/2016;447.976013
06/05/2016;459.602997
07/05/2016;458.536011
08/05/2016;458.548004
09/05/2016;460.483002
10/05/2016;450.894989
11/05/2016;452.727997
12/05/2016;454.765991
13/05/2016;455.670013
14/05/2016;455.670990
15/05/2016;457.567993
16/05/2016;454.162994
17/05/2016;453.782990
18/05/2016;454.618988
19/05/2016;438.714996
20/05/2016;442.675995
21/05/2016;443.187988
22/05/2016;439.322998
23/05/2016;444.154999
24/05/2016;445.980988
25/05/2016;449.598999
26/05/2016;453.384003
27/05/2016;473.463989
28/05/2016;530.039978
29/05/2016;526.232971
30/05/2016;533.864014
31/05/2016;531.385986
01/06/2016;536.919983
02/06/2016;537.971985
03/06/2016;569.193970
04/06/2016;572.726990
05/06/2016;574.976990
06/06/2016;585.536987
07/06/2016;576.596985
08/06/2016;581.645020
09/06/2016;574.630005
10/06/2016;577.469971
11/06/2016;606.726990
12/06/2016;672.783997
13/06/2016;704.375977
14/06/2016;685.559021
15/06/2016;694.468994
16/06/2016;766.307983
17/06/2016;748.908997
18/06/2016;756.226990
19/06/2016;763.781006
20/06/2016;737.226013
21/06/2016;666.651978
22/06/2016;596.116028
23/06/2016;623.976990
24/06/2016;665.299011
25/06/2016;665.122986
26/06/2016;629.367004
27/06/2016;655.275024
28/06/2016;647.000977
29/06/2016;639.890015
30/06/2016;673.336975
01/07/2016;676.296021
02/07/2016;703.702026
03/07/2016;658.664001
04/07/2016;683.661987
05/07/2016;670.627014
06/07/2016;677.330994
07/07/2016;640.562012
08/07/2016;666.523010
09/07/2016;650.960022
10/07/2016;649.359985
11/07/2016;647.658997
12/07/2016;664.551025
13/07/2016;654.468018
14/07/2016;658.078003
15/07/2016;663.255005
16/07/2016;660.767029
17/07/2016;679.458984
18/07/2016;673.106018
19/07/2016;672.864014
20/07/2016;665.684998
21/07/2016;665.012024
22/07/2016;650.619019
23/07/2016;655.556030
24/07/2016;661.284973
25/07/2016;654.096985
26/07/2016;651.783997
27/07/2016;654.351990
28/07/2016;655.034973
29/07/2016;656.992004
30/07/2016;655.046997
31/07/2016;624.681030
01/08/2016;606.271973
02/08/2016;547.465027
03/08/2016;566.354980
04/08/2016;578.289001
05/08/2016;575.043030
06/08/2016;587.778015
07/08/2016;592.690002
08/08/2016;591.054016
09/08/2016;587.801025
10/08/2016;592.103027
11/08/2016;589.119995
12/08/2016;587.559021
13/08/2016;585.588013
14/08/2016;570.473022
15/08/2016;567.239990
16/08/2016;577.439026
17/08/2016;573.216003
18/08/2016;574.317993
19/08/2016;575.630005
20/08/2016;581.697021
21/08/2016;581.307983
22/08/2016;586.752991
23/08/2016;583.414978
24/08/2016;580.182007
25/08/2016;577.760986
26/08/2016;579.651001
27/08/2016;569.947021
28/08/2016;573.911987
29/08/2016;574.106995
30/08/2016;577.502991
31/08/2016;575.471985
01/09/2016;572.302979
02/09/2016;575.536987
03/09/2016;598.211975
04/09/2016;608.633972
05/09/2016;606.590027
06/09/2016;610.435974
07/09/2016;614.544006
08/09/2016;626.315979
09/09/2016;622.861023
10/09/2016;623.508972
11/09/2016;606.718994
12/09/2016;608.242981
13/09/2016;609.241028
14/09/2016;610.684021
15/09/2016;607.155029
16/09/2016;606.973022
17/09/2016;605.984009
18/09/2016;609.874023
19/09/2016;609.226990
20/09/2016;608.312012
21/09/2016;597.148987
22/09/2016;596.297974
23/09/2016;602.841980
24/09/2016;602.625000
25/09/2016;600.825989
26/09/2016;608.043030
27/09/2016;606.166016
28/09/2016;604.728027
29/09/2016;605.692993
30/09/2016;609.734985
01/10/2016;613.982971
02/10/2016;610.892029
03/10/2016;612.132996
04/10/2016;610.203979
05/10/2016;612.510986
06/10/2016;613.020996
07/10/2016;617.120972
08/10/2016;619.107971
09/10/2016;616.752014
10/10/2016;618.994019
11/10/2016;641.072021
12/10/2016;636.192017
13/10/2016;636.786011
14/10/2016;640.377991
15/10/2016;638.645996
16/10/2016;641.630981
17/10/2016;639.192993
18/10/2016;637.960022
19/10/2016;630.520020
20/10/2016;630.856995
21/10/2016;632.828003
22/10/2016;657.294006
23/10/2016;657.070984
24/10/2016;653.760986
25/10/2016;657.588013
26/10/2016;678.304016
27/10/2016;688.312988
28/10/2016;689.651001
29/10/2016;714.479004
30/10/2016;701.864014
31/10/2016;700.971985
01/11/2016;729.793030
02/11/2016;740.828979
03/11/2016;688.700012
04/11/2016;703.234985
05/11/2016;703.418030
06/11/2016;711.521973
07/11/2016;703.130981
08/11/2016;709.848022
09/11/2016;723.273010
10/11/2016;715.533997
11/11/2016;716.411011
12/11/2016;705.054016
13/11/2016;702.031006
14/11/2016;705.020996
15/11/2016;711.619019
16/11/2016;744.197998
17/11/2016;740.976990
18/11/2016;751.585022
19/11/2016;751.616028
20/11/2016;731.026001
21/11/2016;739.247986
22/11/2016;751.346985
23/11/2016;744.593994
24/11/2016;740.289001
25/11/2016;741.648987
26/11/2016;735.382019
27/11/2016;732.034973
28/11/2016;735.812988
29/11/2016;735.604004
30/11/2016;745.690979
01/12/2016;756.773987
02/12/2016;777.943970
03/12/2016;771.155029
04/12/2016;773.872009
05/12/2016;758.700012
06/12/2016;764.223999
07/12/2016;768.132019
08/12/2016;770.809998
09/12/2016;772.794006
10/12/2016;774.650024
11/12/2016;769.731018
12/12/2016;780.086975
13/12/2016;780.556030
14/12/2016;781.481018
15/12/2016;778.088013
16/12/2016;784.906982
17/12/2016;790.828979
18/12/2016;790.530029
19/12/2016;792.713989
20/12/2016;800.875977
21/12/2016;834.281006
22/12/2016;864.539978
23/12/2016;921.984009
24/12/2016;898.822021
25/12/2016;896.182983
26/12/2016;907.609985
27/12/2016;933.197998
28/12/2016;975.921021
29/12/2016;973.497009
30/12/2016;961.237976
31/12/2016;963.742981
01/01/2017;998.325012
02/01/2017;1021.750000
03/01/2017;1043.839966
04/01/2017;1154.729980
05/01/2017;1013.380005
06/01/2017;902.200989
07/01/2017;908.585022
08/01/2017;911.198975
09/01/2017;902.828003
10/01/2017;907.679016
11/01/2017;777.757019
12/01/2017;804.833984
13/01/2017;823.984009
14/01/2017;818.411987
15/01/2017;821.797974
16/01/2017;831.533997
17/01/2017;907.937988
18/01/2017;886.617981
19/01/2017;899.072998
20/01/2017;895.026001
21/01/2017;921.789001
22/01/2017;924.672974
23/01/2017;921.012024
24/01/2017;892.687012
25/01/2017;901.541992
26/01/2017;917.585999
27/01/2017;919.750000
28/01/2017;921.590027
29/01/2017;919.495972
30/01/2017;920.382019
31/01/2017;970.403015
01/02/2017;989.023010
02/02/2017;1011.799988
03/02/2017;1029.910034
04/02/2017;1042.900024
05/02/2017;1027.339966
06/02/2017;1038.150024
07/02/2017;1061.349976
08/02/2017;1063.069946
09/02/2017;994.382996
10/02/2017;988.674011
11/02/2017;1004.450012
12/02/2017;999.181030
13/02/2017;990.642029
14/02/2017;1004.549988
15/02/2017;1007.479980
16/02/2017;1027.439941
17/02/2017;1046.209961
18/02/2017;1054.420044
19/02/2017;1047.869995
20/02/2017;1079.979980
21/02/2017;1115.300049
22/02/2017;1117.439941
23/02/2017;1166.719971
24/02/2017;1173.680054
25/02/2017;1143.839966
26/02/2017;1165.199951
27/02/2017;1179.969971
28/02/2017;1179.969971
01/03/2017;1222.500000
02/03/2017;1251.010010
03/03/2017;1274.989990
04/03/2017;1255.150024
05/03/2017;1267.119995
06/03/2017;1272.829956
07/03/2017;1223.540039
08/03/2017;1150.000000
09/03/2017;1188.489990
10/03/2017;1116.719971
11/03/2017;1175.829956
12/03/2017;1221.380005
13/03/2017;1231.920044
14/03/2017;1240.000000
15/03/2017;1249.609985
16/03/2017;1187.810059
17/03/2017;1100.229980
18/03/2017;973.817993
19/03/2017;1036.739990
20/03/2017;1054.229980
21/03/2017;1120.540039
22/03/2017;1049.140015
23/03/2017;1038.589966
24/03/2017;937.520020
25/03/2017;972.778992
26/03/2017;966.724976
27/03/2017;1045.770020
28/03/2017;1047.150024
29/03/2017;1039.969971
30/03/2017;1026.430054
31/03/2017;1071.790039
01/04/2017;1080.500000
02/04/2017;1102.170044
03/04/2017;1143.810059
04/04/2017;1133.250000
05/04/2017;1124.780029
06/04/2017;1182.680054
07/04/2017;1176.900024
08/04/2017;1175.949951
09/04/2017;1187.869995
10/04/2017;1187.130005
11/04/2017;1205.010010
12/04/2017;1200.369995
13/04/2017;1169.280029
14/04/2017;1167.540039
15/04/2017;1172.520020
16/04/2017;1182.939941
17/04/2017;1193.910034
18/04/2017;1211.670044
19/04/2017;1210.290039
20/04/2017;1229.079956
21/04/2017;1222.050049
22/04/2017;1231.709961
23/04/2017;1207.209961
24/04/2017;1250.150024
25/04/2017;1265.489990
26/04/2017;1281.079956
27/04/2017;1317.729980
28/04/2017;1316.479980
29/04/2017;1321.790039
30/04/2017;1347.890015
01/05/2017;1421.599976
02/05/2017;1452.819946
03/05/2017;1490.089966
04/05/2017;1537.670044
05/05/2017;1555.449951
06/05/2017;1578.800049
07/05/2017;1596.709961
08/05/2017;1723.349976
09/05/2017;1755.359985
10/05/2017;1787.130005
11/05/2017;1848.569946
12/05/2017;1724.239990
13/05/2017;1804.910034
14/05/2017;1808.910034
15/05/2017;1738.430054
16/05/2017;1734.449951
17/05/2017;1839.089966
18/05/2017;1888.650024
19/05/2017;1987.709961
20/05/2017;2084.729980
21/05/2017;2041.199951
22/05/2017;2173.399902
23/05/2017;2320.419922
24/05/2017;2443.639893
25/05/2017;2304.979980
26/05/2017;2202.419922
27/05/2017;2038.869995
28/05/2017;2155.800049
29/05/2017;2255.610107
30/05/2017;2175.469971
31/05/2017;2286.409912
01/06/2017;2407.879883
02/06/2017;2488.550049
03/06/2017;2515.350098
04/06/2017;2511.810059
05/06/2017;2686.810059
06/06/2017;2863.199951
07/06/2017;2732.159912
08/06/2017;2805.620117
09/06/2017;2823.810059
10/06/2017;2947.709961
11/06/2017;2958.110107
12/06/2017;2659.629883
13/06/2017;2717.020020
14/06/2017;2506.370117
15/06/2017;2464.580078
16/06/2017;2518.560059
17/06/2017;2655.879883
18/06/2017;2548.290039
19/06/2017;2589.600098
20/06/2017;2721.790039
21/06/2017;2689.100098
22/06/2017;2705.409912
23/06/2017;2744.909912
24/06/2017;2608.719971
25/06/2017;2589.409912
26/06/2017;2478.449951
27/06/2017;2552.449951
28/06/2017;2574.790039
29/06/2017;2539.320068
30/06/2017;2480.840088
01/07/2017;2434.550049
02/07/2017;2506.469971
03/07/2017;2564.060059
04/07/2017;2601.639893
05/07/2017;2601.989990
06/07/2017;2608.560059
07/07/2017;2518.659912
08/07/2017;2571.340088
09/07/2017;2518.439941
10/07/2017;2372.560059
11/07/2017;2337.790039
12/07/2017;2398.840088
13/07/2017;2357.899902
14/07/2017;2233.340088
15/07/2017;1998.859985
16/07/2017;1929.819946
17/07/2017;2228.409912
18/07/2017;2318.879883
19/07/2017;2273.429932
20/07/2017;2817.600098
21/07/2017;2667.760010
22/07/2017;2810.120117
23/07/2017;2730.399902
24/07/2017;2754.860107
25/07/2017;2576.479980
26/07/2017;2529.449951
27/07/2017;2671.780029
28/07/2017;2809.010010
29/07/2017;2726.449951
30/07/2017;2757.179932
31/07/2017;2875.340088
01/08/2017;2718.260010
02/08/2017;2710.669922
03/08/2017;2804.729980
04/08/2017;2895.889893
05/08/2017;3252.909912
06/08/2017;3213.939941
07/08/2017;3378.939941
08/08/2017;3419.939941
09/08/2017;3342.469971
10/08/2017;3381.280029
11/08/2017;3650.620117
12/08/2017;3884.709961
13/08/2017;4073.260010
14/08/2017;4325.129883
15/08/2017;4181.930176
16/08/2017;4376.629883
17/08/2017;4331.689941
18/08/2017;4160.620117
19/08/2017;4193.700195
20/08/2017;4087.659912
21/08/2017;4001.739990
22/08/2017;4100.520020
23/08/2017;4151.520020
24/08/2017;4334.680176
25/08/2017;4371.600098
26/08/2017;4352.399902
27/08/2017;4382.879883
28/08/2017;4382.660156
29/08/2017;4579.020020
30/08/2017;4565.299805
31/08/2017;4703.390137
01/09/2017;4892.009766
02/09/2017;4578.770020
03/09/2017;4582.959961
04/09/2017;4236.310059
05/09/2017;4376.529785
06/09/2017;4597.120117
07/09/2017;4599.879883
08/09/2017;4228.750000
09/09/2017;4226.060059
10/09/2017;4122.939941
11/09/2017;4161.270020
12/09/2017;4130.810059
13/09/2017;3882.590088
14/09/2017;3154.949951
15/09/2017;3637.520020
16/09/2017;3625.040039
17/09/2017;3582.879883
18/09/2017;4065.199951
19/09/2017;3924.969971
20/09/2017;3905.949951
21/09/2017;3631.040039
22/09/2017;3630.699951
23/09/2017;3792.399902
24/09/2017;3682.840088
25/09/2017;3926.070068
26/09/2017;3892.350098
27/09/2017;4200.669922
28/09/2017;4174.729980
29/09/2017;4163.069824
30/09/2017;4338.709961
01/10/2017;4403.740234
02/10/2017;4409.319824
03/10/2017;4317.479980
04/10/2017;4229.359863
05/10/2017;4328.410156
06/10/2017;4370.810059
07/10/2017;4426.890137
08/10/2017;4610.479980
09/10/2017;4772.020020
10/10/2017;4781.990234
11/10/2017;4826.479980
12/10/2017;5446.910156
13/10/2017;5647.209961
14/10/2017;5831.790039
15/10/2017;5678.189941
16/10/2017;5725.589844
17/10/2017;5605.509766
18/10/2017;5590.689941
19/10/2017;5708.520020
20/10/2017;6011.450195
21/10/2017;6031.600098
22/10/2017;6008.419922
23/10/2017;5930.319824
24/10/2017;5526.640137
25/10/2017;5750.799805
26/10/2017;5904.830078
27/10/2017;5780.899902
28/10/2017;5753.089844
29/10/2017;6153.850098
30/10/2017;6130.529785
31/10/2017;6468.399902
01/11/2017;6767.310059
02/11/2017;7078.500000
03/11/2017;7207.759766
04/11/2017;7379.950195
05/11/2017;7407.410156
06/11/2017;7022.759766
07/11/2017;7144.379883
08/11/2017;7459.689941
09/11/2017;7143.580078
10/11/2017;6618.140137
11/11/2017;6357.600098
12/11/2017;5950.069824
13/11/2017;6559.490234
14/11/2017;6635.750000
15/11/2017;7315.540039
16/11/2017;7871.689941
17/11/2017;7708.990234
18/11/2017;7790.149902
19/11/2017;8036.490234
20/11/2017;8200.639648
21/11/2017;8071.259766
22/11/2017;8253.549805
23/11/2017;8038.770020
24/11/2017;8253.690430
25/11/2017;8790.919922
26/11/2017;9330.549805
27/11/2017;9818.349609
28/11/2017;10058.799805
29/11/2017;9888.610352
30/11/2017;10233.599609
01/12/2017;10975.599609
02/12/2017;11074.599609
03/12/2017;11323.200195
04/12/2017;11657.200195
05/12/2017;11916.700195
06/12/2017;14291.500000
07/12/2017;17899.699219
08/12/2017;16569.400391
09/12/2017;15178.200195
10/12/2017;15455.400391
11/12/2017;16936.800781
12/12/2017;17415.400391
13/12/2017;16408.199219
14/12/2017;16564.000000
15/12/2017;17706.900391
16/12/2017;19497.400391
17/12/2017;19140.800781
18/12/2017;19114.199219
19/12/2017;17776.699219
20/12/2017;16624.599609
21/12/2017;15802.900391
22/12/2017;13831.799805
23/12/2017;14699.200195
24/12/2017;13925.799805
25/12/2017;14026.599609
26/12/2017;16099.799805
27/12/2017;15838.500000
28/12/2017;14606.500000
29/12/2017;14656.200195
30/12/2017;12952.200195
31/12/2017;14156.400391
01/01/2018;13657.200195
02/01/2018;14982.099609
03/01/2018;15201.000000
04/01/2018;15599.200195
05/01/2018;17429.500000
06/01/2018;17527.000000
07/01/2018;16477.599609
08/01/2018;15170.099609
09/01/2018;14595.400391
10/01/2018;14973.299805
11/01/2018;13405.799805
12/01/2018;13980.599609
13/01/2018;14360.200195
14/01/2018;13772.000000
15/01/2018;13819.799805
16/01/2018;11490.500000
17/01/2018;11188.599609
18/01/2018;11474.900391
19/01/2018;11607.400391
20/01/2018;12899.200195
21/01/2018;11600.099609
22/01/2018;10931.400391
23/01/2018;10868.400391
24/01/2018;11359.400391
25/01/2018;11259.400391
26/01/2018;11171.400391
27/01/2018;11440.700195
28/01/2018;11786.299805
29/01/2018;11296.400391
30/01/2018;10106.299805
31/01/2018;10221.099609
01/02/2018;9170.540039
02/02/2018;8830.750000
03/02/2018;9174.910156
04/02/2018;8277.009766
05/02/2018;6955.270020
06/02/2018;7754.000000
07/02/2018;7621.299805
08/02/2018;8265.589844
09/02/2018;8736.980469
10/02/2018;8621.900391
11/02/2018;8129.970215
12/02/2018;8926.570313
13/02/2018;8598.309570
14/02/2018;9494.629883
15/02/2018;10166.400391
16/02/2018;10233.900391
17/02/2018;11112.700195
18/02/2018;10551.799805
19/02/2018;11225.299805
20/02/2018;11403.700195
21/02/2018;10690.400391
22/02/2018;10005.000000
23/02/2018;10301.099609
24/02/2018;9813.070313
25/02/2018;9664.730469
26/02/2018;10366.700195
27/02/2018;10725.599609
28/02/2018;10397.900391
01/03/2018;10951.000000
02/03/2018;11086.400391
03/03/2018;11489.700195
04/03/2018;11512.599609
05/03/2018;11573.299805
06/03/2018;10779.900391
07/03/2018;9965.570313
08/03/2018;9395.009766
09/03/2018;9337.549805
10/03/2018;8866.000000
11/03/2018;9578.629883
12/03/2018;9205.120117
13/03/2018;9194.849609
14/03/2018;8269.809570
15/03/2018;8300.860352
16/03/2018;8338.349609
17/03/2018;7916.879883
18/03/2018;8223.679688
19/03/2018;8630.650391
20/03/2018;8913.469727
21/03/2018;8929.280273
22/03/2018;8728.469727
23/03/2018;8879.620117
24/03/2018;8668.120117
25/03/2018;8495.780273
26/03/2018;8209.400391
27/03/2018;7833.040039
28/03/2018;7954.479980
29/03/2018;7165.700195
30/03/2018;6890.520020
31/03/2018;6973.529785
01/04/2018;6844.229980
02/04/2018;7083.799805
03/04/2018;7456.109863
04/04/2018;6853.839844
05/04/2018;6811.470215
06/04/2018;6636.319824
07/04/2018;6911.089844
08/04/2018;7023.520020
09/04/2018;6770.729980
10/04/2018;6834.759766
11/04/2018;6968.319824
12/04/2018;7889.250000
13/04/2018;7895.959961
14/04/2018;7986.240234
15/04/2018;8329.110352
16/04/2018;8058.669922
17/04/2018;7902.089844
18/04/2018;8163.419922
19/04/2018;8294.309570
20/04/2018;8845.830078
21/04/2018;8895.580078
22/04/2018;8802.459961
23/04/2018;8930.879883
24/04/2018;9697.500000
25/04/2018;8845.740234
26/04/2018;9281.509766
27/04/2018;8987.049805
28/04/2018;9348.480469
29/04/2018;9419.080078
30/04/2018;9240.549805
01/05/2018;9119.009766
02/05/2018;9235.919922
03/05/2018;9743.860352
04/05/2018;9700.759766
05/05/2018;9858.150391
06/05/2018;9654.799805
07/05/2018;9373.009766
08/05/2018;9234.820313
09/05/2018;9325.179688
10/05/2018;9043.940430
11/05/2018;8441.490234
12/05/2018;8504.889648
13/05/2018;8723.940430
14/05/2018;8716.790039
15/05/2018;8510.379883
16/05/2018;8368.830078
17/05/2018;8094.319824
18/05/2018;8250.969727
19/05/2018;8247.179688
20/05/2018;8513.250000
21/05/2018;8418.990234
22/05/2018;8041.779785
23/05/2018;7557.819824
24/05/2018;7587.339844
25/05/2018;7480.140137
26/05/2018;7355.879883
27/05/2018;7368.220215
28/05/2018;7135.990234
29/05/2018;7472.589844
30/05/2018;7406.520020
31/05/2018;7494.169922
01/06/2018;7541.450195
02/06/2018;7643.450195
03/06/2018;7720.250000
04/06/2018;7514.470215
05/06/2018;7633.759766
06/06/2018;7653.979980
07/06/2018;7678.240234
08/06/2018;7624.919922
09/06/2018;7531.979980
10/06/2018;6786.020020
11/06/2018;6906.919922
12/06/2018;6582.359863
13/06/2018;6349.899902
14/06/2018;6675.350098
15/06/2018;6456.580078
16/06/2018;6550.160156
17/06/2018;6499.270020
18/06/2018;6734.819824
19/06/2018;6769.939941
20/06/2018;6776.549805
21/06/2018;6729.740234
22/06/2018;6083.689941
23/06/2018;6162.479980
24/06/2018;6173.229980
25/06/2018;6249.180176
26/06/2018;6093.669922
27/06/2018;6157.129883
28/06/2018;5903.439941
29/06/2018;6218.299805
30/06/2018;6404.000000
01/07/2018;6385.819824
02/07/2018;6614.180176
03/07/2018;6529.589844
04/07/2018;6597.549805
05/07/2018;6639.140137
06/07/2018;6673.500000
07/07/2018;6856.930176
08/07/2018;6773.879883
09/07/2018;6741.750000
10/07/2018;6329.950195
11/07/2018;6394.709961
12/07/2018;6228.810059
13/07/2018;6238.049805
14/07/2018;6276.120117
15/07/2018;6359.640137
16/07/2018;6741.750000
17/07/2018;7321.040039
18/07/2018;7370.779785
19/07/2018;7466.859863
20/07/2018;7354.129883
21/07/2018;7419.290039
22/07/2018;7418.490234
23/07/2018;7711.109863
24/07/2018;8424.269531
25/07/2018;8181.390137
26/07/2018;7951.580078
27/07/2018;8165.009766
28/07/2018;8192.150391
29/07/2018;8218.459961
30/07/2018;8180.479980
31/07/2018;7780.439941
01/08/2018;7624.910156
02/08/2018;7567.149902
03/08/2018;7434.390137
04/08/2018;7032.850098
05/08/2018;7068.479980
06/08/2018;6951.799805
07/08/2018;6753.120117
08/08/2018;6305.799805
09/08/2018;6568.229980
10/08/2018;6184.709961
11/08/2018;6295.729980
12/08/2018;6322.689941
13/08/2018;6297.569824
14/08/2018;6199.709961
15/08/2018;6308.520020
16/08/2018;6334.729980
17/08/2018;6580.629883
18/08/2018;6423.759766
19/08/2018;6506.069824
20/08/2018;6308.529785
21/08/2018;6488.759766
22/08/2018;6376.709961
23/08/2018;6534.879883
24/08/2018;6719.959961
25/08/2018;6763.189941
26/08/2018;6707.259766
27/08/2018;6884.640137
28/08/2018;7096.279785
29/08/2018;7047.160156
30/08/2018;6978.229980
31/08/2018;7037.580078
01/09/2018;7193.250000
02/09/2018;7272.720215
03/09/2018;7260.060059
04/09/2018;7361.660156
05/09/2018;6792.830078
06/09/2018;6529.169922
07/09/2018;6467.069824
08/09/2018;6225.979980
09/09/2018;6300.859863
10/09/2018;6329.700195
11/09/2018;6321.200195
12/09/2018;6351.799805
13/09/2018;6517.310059
14/09/2018;6512.709961
15/09/2018;6543.200195
16/09/2018;6517.180176
17/09/2018;6281.200195
18/09/2018;6371.299805
19/09/2018;6398.540039
20/09/2018;6519.669922
21/09/2018;6734.950195
22/09/2018;6721.979980
23/09/2018;6710.629883
24/09/2018;6595.410156
25/09/2018;6446.470215
26/09/2018;6495.000000
27/09/2018;6676.750000
28/09/2018;6644.129883
29/09/2018;6601.959961
30/09/2018;6625.560059
01/10/2018;6589.620117
02/10/2018;6556.100098
03/10/2018;6502.589844
04/10/2018;6576.689941
05/10/2018;6622.479980
06/10/2018;6588.310059
07/10/2018;6602.950195
08/10/2018;6652.229980
09/10/2018;6642.640137
10/10/2018;6585.529785
11/10/2018;6256.240234
12/10/2018;6274.580078
13/10/2018;6285.990234
14/10/2018;6290.930176
15/10/2018;6596.540039
16/10/2018;6596.109863
17/10/2018;6544.430176
18/10/2018;6476.709961
19/10/2018;6465.410156
20/10/2018;6489.189941
21/10/2018;6482.350098
22/10/2018;6487.160156
23/10/2018;6475.740234
24/10/2018;6495.839844
25/10/2018;6476.290039
26/10/2018;6474.750000
27/10/2018;6480.379883
28/10/2018;6486.390137
29/10/2018;6332.629883
30/10/2018;6334.270020
31/10/2018;6317.609863
01/11/2018;6377.779785
02/11/2018;6388.439941
03/11/2018;6361.259766
04/11/2018;6376.129883
05/11/2018;6419.660156
06/11/2018;6461.009766
07/11/2018;6530.140137
08/11/2018;6453.720215
09/11/2018;6385.620117
10/11/2018;6409.220215
11/11/2018;6411.270020
12/11/2018;6371.270020
13/11/2018;6359.490234
14/11/2018;5738.350098
15/11/2018;5648.029785
16/11/2018;5575.549805
17/11/2018;5554.330078
18/11/2018;5623.540039
19/11/2018;4871.490234
20/11/2018;4451.870117
21/11/2018;4602.169922
22/11/2018;4365.939941
23/11/2018;4347.109863
24/11/2018;3880.760010
25/11/2018;4009.969971
26/11/2018;3779.129883
27/11/2018;3820.719971
28/11/2018;4257.419922
29/11/2018;4278.846680
30/11/2018;4017.268555
01/12/2018;4214.671875
02/12/2018;4139.877930
03/12/2018;3894.130859
04/12/2018;3956.893799
05/12/2018;3753.994873
06/12/2018;3521.101807
07/12/2018;3419.937256
08/12/2018;3476.114746
09/12/2018;3614.234375
10/12/2018;3502.656006
11/12/2018;3424.588135
12/12/2018;3486.950195
13/12/2018;3313.677246
14/12/2018;3242.484863
15/12/2018;3236.761719
16/12/2018;3252.839111
17/12/2018;3545.864746
18/12/2018;3696.059082
19/12/2018;3745.950684
20/12/2018;4134.441406
21/12/2018;3896.543701
22/12/2018;4014.182617
23/12/2018;3998.980225
24/12/2018;4078.599121
25/12/2018;3815.490723
26/12/2018;3857.297607
27/12/2018;3654.833496
28/12/2018;3923.918701
29/12/2018;3820.408691
30/12/2018;3865.952637
31/12/2018;3742.700439
01/01/2019;3843.520020
02/01/2019;3943.409424
03/01/2019;3836.741211
04/01/2019;3857.717529
05/01/2019;3845.194580
06/01/2019;4076.632568
07/01/2019;4025.248291
08/01/2019;4030.847900
09/01/2019;4035.296387
10/01/2019;3678.924561
11/01/2019;3687.365479
12/01/2019;3661.301025
13/01/2019;3552.953125
14/01/2019;3706.052246
15/01/2019;3630.675293
16/01/2019;3655.006836
17/01/2019;3678.563965
18/01/2019;3657.839355
19/01/2019;3728.568359
20/01/2019;3601.013672
21/01/2019;3576.032471
22/01/2019;3604.577148
23/01/2019;3585.123047
24/01/2019;3600.865479
25/01/2019;3599.765869
26/01/2019;3602.460449
27/01/2019;3583.965820
28/01/2019;3470.450439
29/01/2019;3448.116943
30/01/2019;3486.181641
31/01/2019;3457.792725
01/02/2019;3487.945313
02/02/2019;3521.060791
03/02/2019;3464.013428
04/02/2019;3459.154053
05/02/2019;3466.357422
06/02/2019;3413.767822
07/02/2019;3399.471680
08/02/2019;3666.780273
09/02/2019;3671.203613
10/02/2019;3690.188232
11/02/2019;3648.430664
12/02/2019;3653.528564
13/02/2019;3632.070557
14/02/2019;3616.880859
15/02/2019;3620.810791
16/02/2019;3629.787598
17/02/2019;3673.836182
18/02/2019;3915.714355
19/02/2019;3947.094482
20/02/2019;3999.820557
21/02/2019;3954.118164
22/02/2019;4005.526611
23/02/2019;4142.526855
24/02/2019;3810.427490
25/02/2019;3882.696289
26/02/2019;3854.357910
27/02/2019;3851.047363
28/02/2019;3854.785400
01/03/2019;3859.583740
02/03/2019;3864.415039
03/03/2019;3847.175781
04/03/2019;3761.557129
05/03/2019;3896.375000
06/03/2019;3903.942627
07/03/2019;3911.484375
08/03/2019;3901.131592
09/03/2019;3963.313721
10/03/2019;3951.599854
11/03/2019;3905.227295
12/03/2019;3909.156250
13/03/2019;3906.717285
14/03/2019;3924.369141
15/03/2019;3960.911133
16/03/2019;4048.725830
17/03/2019;4025.229004
18/03/2019;4032.507324
19/03/2019;4071.190186
20/03/2019;4087.476318
21/03/2019;4029.326904
22/03/2019;4023.968262
23/03/2019;4035.826416
24/03/2019;4022.168213
25/03/2019;3963.070557
26/03/2019;3985.080811
27/03/2019;4087.066162
28/03/2019;4069.107178
29/03/2019;4098.374512
30/03/2019;4106.660156
31/03/2019;4105.404297
01/04/2019;4158.183105
02/04/2019;4879.877930
03/04/2019;4973.021973
04/04/2019;4922.798828
05/04/2019;5036.681152
06/04/2019;5059.817383
07/04/2019;5198.896973
08/04/2019;5289.770996
09/04/2019;5204.958496
10/04/2019;5324.551758
11/04/2019;5064.487793
12/04/2019;5089.539063
13/04/2019;5096.586426
14/04/2019;5167.722168
15/04/2019;5067.108398
16/04/2019;5235.559570
17/04/2019;5251.937988
18/04/2019;5298.385742
19/04/2019;5303.812500
20/04/2019;5337.886230
21/04/2019;5314.531250
22/04/2019;5399.365234
23/04/2019;5572.362305
24/04/2019;5464.866699
25/04/2019;5210.515625
26/04/2019;5279.348145
27/04/2019;5268.291016
28/04/2019;5285.139160
29/04/2019;5247.352539
30/04/2019;5350.726563
01/05/2019;5402.697266
02/05/2019;5505.283691
03/05/2019;5768.289551
04/05/2019;5831.167480
05/05/2019;5795.708496
06/05/2019;5746.807129
07/05/2019;5829.501465
08/05/2019;5982.457520
09/05/2019;6174.528809
10/05/2019;6378.849121
11/05/2019;7204.771484
12/05/2019;6972.371582
13/05/2019;7814.915039
14/05/2019;7994.416016
15/05/2019;8205.167969
16/05/2019;7884.909180
17/05/2019;7343.895508
18/05/2019;7271.208008
19/05/2019;8197.689453
20/05/2019;7978.309082
21/05/2019;7963.327637
22/05/2019;7680.066406
23/05/2019;7881.846680
24/05/2019;7987.371582
25/05/2019;8052.543945
26/05/2019;8673.215820
27/05/2019;8805.778320
28/05/2019;8719.961914
29/05/2019;8659.487305
30/05/2019;8319.472656
31/05/2019;8574.501953
01/06/2019;8564.016602
02/06/2019;8742.958008
03/06/2019;8208.995117
04/06/2019;7707.770996
05/06/2019;7824.231445
06/06/2019;7822.023438
07/06/2019;8043.951172
08/06/2019;7954.127930
09/06/2019;7688.077148
10/06/2019;8000.329590
11/06/2019;7927.714355
12/06/2019;8145.857422
13/06/2019;8230.923828
14/06/2019;8693.833008
15/06/2019;8838.375000
16/06/2019;8994.488281
17/06/2019;9320.352539
18/06/2019;9081.762695
19/06/2019;9273.521484
20/06/2019;9527.160156
21/06/2019;10144.556641
22/06/2019;10701.691406
23/06/2019;10855.371094
24/06/2019;11011.102539
25/06/2019;11790.916992
26/06/2019;13016.231445
27/06/2019;11182.806641
28/06/2019;12407.332031
29/06/2019;11959.371094
30/06/2019;10817.155273
01/07/2019;10583.134766
02/07/2019;10801.677734
03/07/2019;11961.269531
04/07/2019;11215.437500
05/07/2019;10978.459961
06/07/2019;11208.550781
07/07/2019;11450.846680
08/07/2019;12285.958008
09/07/2019;12573.812500
10/07/2019;12156.512695
11/07/2019;11358.662109
12/07/2019;11815.986328
13/07/2019;11392.378906
14/07/2019;10256.058594
15/07/2019;10895.089844
16/07/2019;9477.641602
17/07/2019;9693.802734
18/07/2019;10666.482422
19/07/2019;10530.732422
20/07/2019;10767.139648
21/07/2019;10599.105469
22/07/2019;10343.106445
23/07/2019;9900.767578
24/07/2019;9811.925781
25/07/2019;9911.841797
26/07/2019;9870.303711
27/07/2019;9477.677734
28/07/2019;9552.860352
29/07/2019;9519.145508
30/07/2019;9607.423828
31/07/2019;10085.627930
01/08/2019;10399.668945
02/08/2019;10518.174805
03/08/2019;10821.726563
04/08/2019;10970.184570
05/08/2019;11805.653320
06/08/2019;11478.168945
07/08/2019;11941.968750
08/08/2019;11966.407227
09/08/2019;11862.936523
10/08/2019;11354.024414
11/08/2019;11523.579102
12/08/2019;11382.616211
13/08/2019;10895.830078
14/08/2019;10051.704102
15/08/2019;10311.545898
16/08/2019;10374.338867
17/08/2019;10231.744141
18/08/2019;10345.810547
19/08/2019;10916.053711
20/08/2019;10763.232422
21/08/2019;10138.049805
22/08/2019;10131.055664
23/08/2019;10407.964844
24/08/2019;10159.960938
25/08/2019;10138.517578
26/08/2019;10370.820313
27/08/2019;10185.500000
28/08/2019;9754.422852
29/08/2019;9510.200195
30/08/2019;9598.173828
31/08/2019;9630.664063
01/09/2019;9757.970703
02/09/2019;10346.760742
03/09/2019;10623.540039
04/09/2019;10594.493164
05/09/2019;10575.533203
06/09/2019;10353.302734
07/09/2019;10517.254883
08/09/2019;10441.276367
09/09/2019;10334.974609
10/09/2019;10115.975586
11/09/2019;10178.372070
12/09/2019;10410.126953
13/09/2019;10360.546875
14/09/2019;10358.048828
15/09/2019;10347.712891
16/09/2019;10276.793945
17/09/2019;10241.272461
18/09/2019;10198.248047
19/09/2019;10266.415039
20/09/2019;10181.641602
21/09/2019;10019.716797
22/09/2019;10070.392578
23/09/2019;9729.324219
24/09/2019;8620.566406
25/09/2019;8486.993164
26/09/2019;8118.967773
27/09/2019;8251.845703
28/09/2019;8245.915039
29/09/2019;8104.185547
30/09/2019;8293.868164
01/10/2019;8343.276367
02/10/2019;8393.041992
03/10/2019;8259.992188
04/10/2019;8205.939453
05/10/2019;8151.500488
06/10/2019;7988.155762
07/10/2019;8245.623047
08/10/2019;8228.783203
09/10/2019;8595.740234
10/10/2019;8586.473633
11/10/2019;8321.756836
12/10/2019;8336.555664
13/10/2019;8321.005859
14/10/2019;8374.686523
15/10/2019;8205.369141
16/10/2019;8047.526855
17/10/2019;8103.911133
18/10/2019;7973.207520
19/10/2019;7988.560547
20/10/2019;8222.078125
21/10/2019;8243.720703
22/10/2019;8078.203125
23/10/2019;7514.671875
24/10/2019;7493.488770
25/10/2019;8660.700195
26/10/2019;9244.972656
27/10/2019;9551.714844
28/10/2019;9256.148438
29/10/2019;9427.687500
30/10/2019;9205.726563
31/10/2019;9199.584961
01/11/2019;9261.104492
02/11/2019;9324.717773
03/11/2019;9235.354492
04/11/2019;9412.612305
05/11/2019;9342.527344
06/11/2019;9360.879883
07/11/2019;9267.561523
08/11/2019;8804.880859
09/11/2019;8813.582031
10/11/2019;9055.526367
11/11/2019;8757.788086
12/11/2019;8815.662109
13/11/2019;8808.262695
14/11/2019;8708.094727
15/11/2019;8491.992188
16/11/2019;8550.760742
17/11/2019;8577.975586
18/11/2019;8309.286133
19/11/2019;8206.145508
20/11/2019;8027.268066
21/11/2019;7642.750000
22/11/2019;7296.577637
23/11/2019;7397.796875
24/11/2019;7047.916992
25/11/2019;7146.133789
26/11/2019;7218.371094
27/11/2019;7531.663574
28/11/2019;7463.105957
29/11/2019;7761.243652
30/11/2019;7569.629883
01/12/2019;7424.292480
02/12/2019;7321.988281
03/12/2019;7320.145508
04/12/2019;7252.034668
05/12/2019;7448.307617
06/12/2019;7546.996582
07/12/2019;7556.237793
08/12/2019;7564.345215
09/12/2019;7400.899414
10/12/2019;7278.119629
11/12/2019;7217.427246
12/12/2019;7243.134277
13/12/2019;7269.684570
14/12/2019;7124.673828
15/12/2019;7152.301758
16/12/2019;6932.480469
17/12/2019;6640.515137
18/12/2019;7276.802734
19/12/2019;7202.844238
20/12/2019;7218.816406
21/12/2019;7191.158691
22/12/2019;7511.588867
23/12/2019;7355.628418
24/12/2019;7322.532227
25/12/2019;7275.155762
26/12/2019;7238.966797
27/12/2019;7290.088379
28/12/2019;7317.990234
29/12/2019;7422.652832
30/12/2019;7292.995117
31/12/2019;7193.599121
01/01/2020;7200.174316
02/01/2020;6985.470215
03/01/2020;7344.884277
04/01/2020;7410.656738
05/01/2020;7411.317383
06/01/2020;7769.219238
07/01/2020;8163.692383
08/01/2020;8079.862793
09/01/2020;7879.071289
10/01/2020;8166.554199
11/01/2020;8037.537598
12/01/2020;8192.494141
13/01/2020;8144.194336
14/01/2020;8827.764648
15/01/2020;8807.010742
16/01/2020;8723.786133
17/01/2020;8929.038086
18/01/2020;8942.808594
19/01/2020;8706.245117
20/01/2020;8657.642578
21/01/2020;8745.894531
22/01/2020;8680.875977
23/01/2020;8406.515625
24/01/2020;8445.434570
25/01/2020;8367.847656
26/01/2020;8596.830078
27/01/2020;8909.819336
28/01/2020;9358.589844
29/01/2020;9316.629883
30/01/2020;9508.993164
31/01/2020;9350.529297
01/02/2020;9392.875000
02/02/2020;9344.365234
03/02/2020;9293.521484
04/02/2020;9180.962891
05/02/2020;9613.423828
06/02/2020;9729.801758
07/02/2020;9795.943359
08/02/2020;9865.119141
09/02/2020;10116.673828
10/02/2020;9856.611328
11/02/2020;10208.236328
12/02/2020;10326.054688
13/02/2020;10214.379883
14/02/2020;10312.116211
15/02/2020;9889.424805
16/02/2020;9934.433594
17/02/2020;9690.142578
18/02/2020;10141.996094
19/02/2020;9633.386719
20/02/2020;9608.475586
21/02/2020;9686.441406
22/02/2020;9663.181641
23/02/2020;9924.515625
24/02/2020;9650.174805
25/02/2020;9341.705078
26/02/2020;8820.522461
27/02/2020;8784.494141
28/02/2020;8672.455078
29/02/2020;8599.508789
01/03/2020;8562.454102
02/03/2020;8869.669922
03/03/2020;8787.786133
04/03/2020;8755.246094
05/03/2020;9078.762695
06/03/2020;9122.545898
07/03/2020;8909.954102
08/03/2020;8108.116211
09/03/2020;7923.644531
10/03/2020;7909.729492
11/03/2020;7911.430176
12/03/2020;4970.788086
13/03/2020;5563.707031
14/03/2020;5200.366211
15/03/2020;5392.314941
16/03/2020;5014.479980
17/03/2020;5225.629395
18/03/2020;5238.438477
19/03/2020;6191.192871
20/03/2020;6198.778320
21/03/2020;6185.066406
22/03/2020;5830.254883
23/03/2020;6416.314941
24/03/2020;6734.803711
25/03/2020;6681.062988
26/03/2020;6716.440430
27/03/2020;6469.798340
28/03/2020;6242.193848
29/03/2020;5922.042969
30/03/2020;6429.841797
31/03/2020;6438.644531
01/04/2020;6606.776367
02/04/2020;6793.624512
03/04/2020;6733.387207
04/04/2020;6867.527344
05/04/2020;6791.129395
06/04/2020;7271.781250
07/04/2020;7176.414551
08/04/2020;7334.098633
09/04/2020;7302.089355
10/04/2020;6865.493164
11/04/2020;6859.083008
12/04/2020;6971.091797
13/04/2020;6845.037598
14/04/2020;6842.427734
15/04/2020;6642.109863
16/04/2020;7116.804199
17/04/2020;7096.184570
18/04/2020;7257.665039
19/04/2020;7189.424805
20/04/2020;6881.958496
21/04/2020;6880.323242
22/04/2020;7117.207520
23/04/2020;7429.724609
24/04/2020;7550.900879
25/04/2020;7569.936035
26/04/2020;7679.867188
27/04/2020;7795.601074
28/04/2020;7807.058594
29/04/2020;8801.038086
30/04/2020;8658.553711
01/05/2020;8864.766602
02/05/2020;8988.596680
03/05/2020;8897.468750
04/05/2020;8912.654297
05/05/2020;9003.070313
06/05/2020;9268.761719
07/05/2020;9951.518555
08/05/2020;9842.666016
09/05/2020;9593.896484
10/05/2020;8756.430664
11/05/2020;8601.795898
12/05/2020;8804.477539
13/05/2020;9269.987305
14/05/2020;9733.721680
15/05/2020;9328.197266
16/05/2020;9377.013672
17/05/2020;9670.739258
18/05/2020;9726.575195
19/05/2020;9729.038086
20/05/2020;9522.981445
21/05/2020;9081.761719
22/05/2020;9182.577148
23/05/2020;9209.287109
24/05/2020;8790.368164
25/05/2020;8906.934570
26/05/2020;8835.052734
27/05/2020;9181.017578
28/05/2020;9525.750977
29/05/2020;9439.124023
30/05/2020;9700.414063
31/05/2020;9461.058594
01/06/2020;10167.268555
02/06/2020;9529.803711
03/06/2020;9656.717773
04/06/2020;9800.636719
05/06/2020;9665.533203
06/06/2020;9653.679688
07/06/2020;9758.852539
08/06/2020;9771.489258
09/06/2020;9795.700195
10/06/2020;9870.094727
11/06/2020;9321.781250
12/06/2020;9480.843750
13/06/2020;9475.277344
14/06/2020;9386.788086
15/06/2020;9450.702148
16/06/2020;9538.024414
17/06/2020;9480.254883
18/06/2020;9411.840820
19/06/2020;9288.018555
20/06/2020;9332.340820
21/06/2020;9303.629883
22/06/2020;9648.717773
23/06/2020;9629.658203
24/06/2020;9313.610352
25/06/2020;9264.813477
26/06/2020;9162.917969
27/06/2020;9045.390625
28/06/2020;9143.582031
29/06/2020;9190.854492
30/06/2020;9137.993164
01/07/2020;9228.325195
02/07/2020;9123.410156
03/07/2020;9087.303711
04/07/2020;9132.488281
05/07/2020;9073.942383
06/07/2020;9375.474609
07/07/2020;9252.277344
08/07/2020;9428.333008
09/07/2020;9277.967773
10/07/2020;9278.807617
11/07/2020;9240.346680
12/07/2020;9276.500000
13/07/2020;9243.614258
14/07/2020;9243.213867
15/07/2020;9192.836914
16/07/2020;9132.227539
17/07/2020;9151.392578
18/07/2020;9159.040039
19/07/2020;9185.817383
20/07/2020;9164.231445
21/07/2020;9374.887695
22/07/2020;9525.363281
23/07/2020;9581.072266
24/07/2020;9536.892578
25/07/2020;9677.113281
26/07/2020;9905.166992
27/07/2020;10990.873047
28/07/2020;10912.823242
29/07/2020;11100.467773
30/07/2020;11111.213867
31/07/2020;11323.466797
01/08/2020;11759.592773
02/08/2020;11053.614258
03/08/2020;11246.348633
04/08/2020;11205.892578
05/08/2020;11747.022461
06/08/2020;11779.773438
07/08/2020;11601.472656
08/08/2020;11754.045898
09/08/2020;11675.739258
10/08/2020;11878.111328
11/08/2020;11410.525391
12/08/2020;11584.934570
13/08/2020;11784.137695
14/08/2020;11768.871094
15/08/2020;11865.698242
16/08/2020;11892.803711
17/08/2020;12254.402344
18/08/2020;11991.233398
19/08/2020;11758.283203
20/08/2020;11878.372070
21/08/2020;11592.489258
22/08/2020;11681.825195
23/08/2020;11664.847656
24/08/2020;11774.595703
25/08/2020;11366.134766
26/08/2020;11488.363281
27/08/2020;11323.397461
28/08/2020;11542.500000
29/08/2020;11506.865234
30/08/2020;11711.505859
31/08/2020;11680.820313
01/09/2020;11970.478516
02/09/2020;11414.034180
03/09/2020;10245.296875
04/09/2020;10511.813477
05/09/2020;10169.567383
06/09/2020;10280.351563
07/09/2020;10369.563477
08/09/2020;10131.516602
09/09/2020;10242.347656
10/09/2020;10363.138672
11/09/2020;10400.915039
12/09/2020;10442.170898
13/09/2020;10323.755859
14/09/2020;10680.837891
15/09/2020;10796.951172
16/09/2020;10974.905273
17/09/2020;10948.990234
18/09/2020;10944.585938
19/09/2020;11094.346680
20/09/2020;10938.271484
21/09/2020;10462.259766
22/09/2020;10538.459961
23/09/2020;10246.186523
24/09/2020;10760.066406
25/09/2020;10692.716797
26/09/2020;10750.723633
27/09/2020;10775.269531
28/09/2020;10709.652344
29/09/2020;10844.640625
30/09/2020;10784.491211
01/10/2020;10619.452148
02/10/2020;10575.974609
03/10/2020;10549.329102
04/10/2020;10669.583008
05/10/2020;10793.339844
06/10/2020;10604.406250
07/10/2020;10668.968750
08/10/2020;10915.685547
09/10/2020;11064.458008
10/10/2020;11296.361328
11/10/2020;11384.181641
12/10/2020;11555.363281
13/10/2020;11425.899414
14/10/2020;11429.506836
15/10/2020;11495.349609
16/10/2020;11322.123047
17/10/2020;11358.101563
18/10/2020;11483.359375
19/10/2020;11742.037109
20/10/2020;11916.334961
21/10/2020;12823.689453
22/10/2020;12965.891602
23/10/2020;12931.539063
24/10/2020;13108.062500
25/10/2020;13031.173828
26/10/2020;13075.248047
27/10/2020;13654.218750
28/10/2020;13271.285156
29/10/2020;13437.882813
30/10/2020;13546.522461
31/10/2020;13780.995117
01/11/2020;13737.109375
02/11/2020;13550.489258
03/11/2020;13950.300781
04/11/2020;14133.707031
05/11/2020;15579.848633
06/11/2020;15565.880859
07/11/2020;14833.753906
08/11/2020;15479.567383
09/11/2020;15332.315430
10/11/2020;15290.902344
11/11/2020;15701.339844
12/11/2020;16276.343750
13/11/2020;16317.808594
14/11/2020;16068.138672
15/11/2020;15955.587891
16/11/2020;16716.111328
17/11/2020;17645.406250
18/11/2020;17804.005859
19/11/2020;17817.089844
20/11/2020;18621.314453
21/11/2020;18642.232422
22/11/2020;18370.001953
23/11/2020;18364.121094
24/11/2020;19107.464844
25/11/2020;18732.121094
26/11/2020;17150.623047
27/11/2020;17108.402344
28/11/2020;17717.414063
29/11/2020;18177.484375
30/11/2020;19625.835938
01/12/2020;18802.998047
02/12/2020;19201.091797
03/12/2020;19445.398438
04/12/2020;18699.765625
05/12/2020;19154.230469
06/12/2020;19345.121094
07/12/2020;19191.630859
08/12/2020;18321.144531
09/12/2020;18553.916016
10/12/2020;18264.992188
11/12/2020;18058.904297
12/12/2020;18803.656250
13/12/2020;19142.382813
14/12/2020;19246.644531
15/12/2020;19417.076172
16/12/2020;21310.597656
17/12/2020;22805.162109
18/12/2020;23137.960938
19/12/2020;23869.832031
20/12/2020;23477.294922
21/12/2020;22803.082031
22/12/2020;23783.029297
23/12/2020;23241.345703
24/12/2020;23735.949219
25/12/2020;24664.791016
26/12/2020;26437.037109
27/12/2020;26272.294922
28/12/2020;27084.808594
29/12/2020;27362.437500
30/12/2020;28840.953125
31/12/2020;29001.720703
01/01/2021;29374.152344
02/01/2021;32127.267578
03/01/2021;32782.023438
04/01/2021;31971.914063
05/01/2021;33992.429688
06/01/2021;36824.363281
07/01/2021;39371.042969
08/01/2021;40797.609375
09/01/2021;40254.546875
10/01/2021;38356.441406
11/01/2021;35566.656250
12/01/2021;33922.960938
13/01/2021;37316.359375
14/01/2021;39187.328125
15/01/2021;36825.367188
16/01/2021;36178.140625
17/01/2021;35791.277344
18/01/2021;36630.074219
19/01/2021;36069.804688
20/01/2021;35547.750000
21/01/2021;30825.699219
22/01/2021;33005.761719
23/01/2021;32067.642578
24/01/2021;32289.378906
25/01/2021;32366.392578
26/01/2021;32569.849609
27/01/2021;30432.546875
28/01/2021;33466.097656
29/01/2021;34316.386719
30/01/2021;34269.523438
31/01/2021;33114.359375
01/02/2021;33537.175781
02/02/2021;35510.289063
03/02/2021;37472.089844
04/02/2021;36926.066406
05/02/2021;38144.308594
06/02/2021;39266.011719
07/02/2021;38903.441406
08/02/2021;46196.464844
09/02/2021;46481.105469
10/02/2021;44918.183594
11/02/2021;47909.332031
12/02/2021;47504.851563
13/02/2021;47105.515625
14/02/2021;48717.289063
15/02/2021;47945.058594
16/02/2021;49199.871094
17/02/2021;52149.007813
18/02/2021;51679.796875
19/02/2021;55888.132813
20/02/2021;56099.519531
21/02/2021;57539.945313
22/02/2021;54207.320313
23/02/2021;48824.425781
24/02/2021;49705.332031
25/02/2021;47093.851563
26/02/2021;46339.761719
27/02/2021;46188.453125
28/02/2021;45137.769531
01/03/2021;49631.242188
02/03/2021;48378.988281
03/03/2021;50538.242188
04/03/2021;48561.167969
05/03/2021;48927.304688
06/03/2021;48912.382813
07/03/2021;51206.691406
08/03/2021;52246.523438
09/03/2021;54824.117188
10/03/2021;56008.550781
11/03/2021;57805.121094
12/03/2021;57332.089844
13/03/2021;61243.085938
14/03/2021;59302.316406
15/03/2021;55907.199219
16/03/2021;56804.902344
17/03/2021;58870.894531
18/03/2021;57858.921875
19/03/2021;58346.652344
20/03/2021;58313.644531
21/03/2021;57523.421875
22/03/2021;54529.144531
23/03/2021;54738.945313
24/03/2021;52774.265625
25/03/2021;51704.160156
26/03/2021;55137.312500
27/03/2021;55973.511719
28/03/2021;55950.746094
29/03/2021;57750.199219
30/03/2021;58917.691406
31/03/2021;58918.832031
01/04/2021;59095.808594
02/04/2021;59384.312500
03/04/2021;57603.890625
04/04/2021;58758.554688
05/04/2021;59057.878906
06/04/2021;58192.359375
07/04/2021;56048.937500
08/04/2021;58323.953125
09/04/2021;58245.003906
10/04/2021;59793.234375
11/04/2021;60204.964844
12/04/2021;59893.453125
13/04/2021;63503.457031
14/04/2021;63109.695313
15/04/2021;63314.011719
16/04/2021;61572.789063
17/04/2021;60683.820313
18/04/2021;56216.183594
19/04/2021;55724.265625
20/04/2021;56473.031250
21/04/2021;53906.089844
22/04/2021;51762.273438
23/04/2021;51093.652344
24/04/2021;50050.867188
25/04/2021;49004.253906
26/04/2021;54021.753906
27/04/2021;55033.117188
28/04/2021;54824.703125
29/04/2021;53555.109375
30/04/2021;57750.175781
01/05/2021;57828.050781
02/05/2021;56631.078125
03/05/2021;57200.292969
04/05/2021;53333.539063
05/05/2021;57424.007813
06/05/2021;56396.515625
07/05/2021;57356.402344
08/05/2021;58803.777344
09/05/2021;58232.316406
10/05/2021;55859.796875
11/05/2021;56704.574219
12/05/2021;49150.535156
13/05/2021;49716.191406
14/05/2021;49880.535156
15/05/2021;46760.187500
16/05/2021;46456.058594
17/05/2021;43537.511719
18/05/2021;42909.402344
19/05/2021;37002.441406
20/05/2021;40782.738281
21/05/2021;37304.691406
22/05/2021;37536.632813
23/05/2021;34770.582031
24/05/2021;38705.980469
25/05/2021;38402.222656
26/05/2021;39294.199219
27/05/2021;38436.968750
28/05/2021;35697.605469
29/05/2021;34616.066406
30/05/2021;35678.128906
31/05/2021;37332.855469
01/06/2021;36684.925781
02/06/2021;37575.179688
03/06/2021;39208.765625
04/06/2021;36894.406250
05/06/2021;35551.957031
06/06/2021;35862.378906
07/06/2021;33560.707031
08/06/2021;33472.632813
09/06/2021;37345.121094
10/06/2021;36702.597656
11/06/2021;37334.398438
12/06/2021;35552.515625
13/06/2021;39097.859375
14/06/2021;40218.476563
15/06/2021;40406.269531
16/06/2021;38347.062500
17/06/2021;38053.503906
18/06/2021;35787.246094
19/06/2021;35615.871094
20/06/2021;35698.296875
21/06/2021;31676.693359
22/06/2021;32505.660156
23/06/2021;33723.027344
24/06/2021;34662.437500
25/06/2021;31637.779297
26/06/2021;32186.277344
27/06/2021;34649.644531
28/06/2021;34434.335938
29/06/2021;35867.777344
30/06/2021;35040.835938
01/07/2021;33572.117188
02/07/2021;33897.046875
03/07/2021;34668.546875
04/07/2021;35287.781250
05/07/2021;33746.003906
06/07/2021;34235.195313
07/07/2021;33855.328125
08/07/2021;32877.371094
09/07/2021;33798.011719
10/07/2021;33520.519531
11/07/2021;34240.187500
12/07/2021;33155.847656
13/07/2021;32702.025391
14/07/2021;32822.347656
15/07/2021;31780.730469
16/07/2021;31421.539063
17/07/2021;31533.068359
18/07/2021;31796.810547
19/07/2021;30817.832031
20/07/2021;29807.347656
21/07/2021;32110.693359
22/07/2021;32313.105469
23/07/2021;33581.550781
24/07/2021;34292.445313
25/07/2021;35350.187500
26/07/2021;37337.535156
27/07/2021;39406.941406
28/07/2021;39995.906250
29/07/2021;40008.421875
30/07/2021;42235.546875
31/07/2021;41626.195313
01/08/2021;39974.894531
02/08/2021;39201.945313
03/08/2021;38152.980469
04/08/2021;39747.503906
05/08/2021;40869.554688
06/08/2021;42816.500000
07/08/2021;44555.800781
08/08/2021;43798.117188
09/08/2021;46365.402344
10/08/2021;45585.031250
11/08/2021;45593.636719
12/08/2021;44428.289063
13/08/2021;47793.320313
14/08/2021;47096.945313
15/08/2021;47047.003906
16/08/2021;46004.484375
17/08/2021;44695.359375
18/08/2021;44801.187500
19/08/2021;46717.578125
20/08/2021;49339.175781
21/08/2021;48905.492188
22/08/2021;49321.652344
23/08/2021;49546.148438
24/08/2021;47706.117188
25/08/2021;48960.789063
26/08/2021;46942.218750
27/08/2021;49058.667969
28/08/2021;48902.402344
29/08/2021;48829.832031
30/08/2021;47054.984375
31/08/2021;47166.687500
01/09/2021;48847.027344
02/09/2021;49327.722656
03/09/2021;50025.375000
04/09/2021;49944.625000
05/09/2021;51753.410156
06/09/2021;52633.535156
07/09/2021;46811.128906
08/09/2021;46091.390625
09/09/2021;46391.421875
10/09/2021;44883.910156
11/09/2021;45201.457031
12/09/2021;46063.269531
13/09/2021;44963.074219
14/09/2021;47092.492188
15/09/2021;48176.347656
16/09/2021;47783.359375
17/09/2021;47267.519531
18/09/2021;48278.363281
19/09/2021;47260.218750
20/09/2021;42843.800781
21/09/2021;40693.675781
22/09/2021;43574.507813
23/09/2021;44895.097656
24/09/2021;42839.750000
25/09/2021;42716.593750
26/09/2021;43208.539063
27/09/2021;42235.730469
28/09/2021;41034.542969
29/09/2021;41564.363281
30/09/2021;43790.894531
01/10/2021;48116.941406
02/10/2021;47711.488281
03/10/2021;48199.953125
04/10/2021;49112.902344
05/10/2021;51514.812500
06/10/2021;55361.449219
07/10/2021;53805.984375
08/10/2021;53967.847656
09/10/2021;54968.222656
10/10/2021;54771.578125
11/10/2021;57484.789063
12/10/2021;56041.058594
13/10/2021;57401.097656
14/10/2021;57321.523438
15/10/2021;61593.949219
16/10/2021;60892.179688
17/10/2021;61553.617188
18/10/2021;62026.078125
19/10/2021;64261.992188
20/10/2021;65992.835938
21/10/2021;62210.171875
22/10/2021;60692.265625
23/10/2021;61393.617188
24/10/2021;60930.835938
25/10/2021;63039.824219
26/10/2021;60363.792969
27/10/2021;58482.386719
28/10/2021;60622.136719
29/10/2021;62227.964844
30/10/2021;61888.832031
31/10/2021;61318.957031
01/11/2021;61004.406250
02/11/2021;63226.402344
03/11/2021;62970.046875
04/11/2021;61452.230469
05/11/2021;61125.675781
06/11/2021;61527.480469
07/11/2021;63326.988281
08/11/2021;67566.828125
09/11/2021;66971.828125
10/11/2021;64995.230469
11/11/2021;64949.960938
12/11/2021;64155.941406
13/11/2021;64469.527344
14/11/2021;65466.839844
15/11/2021;63557.871094
16/11/2021;60161.246094
17/11/2021;60368.011719
18/11/2021;56942.136719
19/11/2021;58119.578125
20/11/2021;59697.195313
21/11/2021;58730.476563
22/11/2021;56289.289063
23/11/2021;57569.074219
24/11/2021;56280.425781
25/11/2021;57274.679688
26/11/2021;53569.765625
27/11/2021;54815.078125
28/11/2021;57248.457031
29/11/2021;57806.566406
30/11/2021;57005.425781
01/12/2021;57229.828125
02/12/2021;56477.816406
03/12/2021;53598.246094
04/12/2021;49200.703125
05/12/2021;49368.847656
06/12/2021;50582.625000
07/12/2021;50700.085938
08/12/2021;50504.796875
09/12/2021;47672.121094
10/12/2021;47243.304688
11/12/2021;49362.507813
12/12/2021;50098.335938
13/12/2021;46737.480469
14/12/2021;46612.632813
15/12/2021;48896.722656
16/12/2021;47665.425781
17/12/2021;46202.144531
18/12/2021;46848.777344
19/12/2021;46707.015625
20/12/2021;46880.277344
21/12/2021;48936.613281
22/12/2021;48628.511719
23/12/2021;50784.539063
24/12/2021;50822.195313
25/12/2021;50429.859375
26/12/2021;50809.515625
27/12/2021;50640.417969
28/12/2021;47588.855469
29/12/2021;46444.710938
30/12/2021;47178.125000
31/12/2021;46306.445313
01/01/2022;47686.812500
02/01/2022;47345.218750
03/01/2022;46458.117188
04/01/2022;45897.574219
05/01/2022;43569.003906
06/01/2022;43160.929688
07/01/2022;41557.902344
08/01/2022;41733.941406
09/01/2022;41911.601563
10/01/2022;41821.261719
11/01/2022;42735.855469
12/01/2022;43949.101563
13/01/2022;42591.570313
14/01/2022;43099.699219
15/01/2022;43177.398438
16/01/2022;43113.878906
17/01/2022;42250.550781
18/01/2022;42375.632813
19/01/2022;41744.328125
20/01/2022;40680.417969
21/01/2022;36457.316406
22/01/2022;35030.250000
23/01/2022;36276.804688
24/01/2022;36654.328125
25/01/2022;36954.003906
26/01/2022;36852.121094
27/01/2022;37138.234375
28/01/2022;37784.332031
29/01/2022;38138.179688
30/01/2022;37917.601563
31/01/2022;38483.125000
01/02/2022;38743.273438
02/02/2022;36952.984375
03/02/2022;37154.601563
04/02/2022;41500.875000
05/02/2022;41441.164063
06/02/2022;42412.433594
07/02/2022;43840.285156
08/02/2022;44118.445313
09/02/2022;44338.796875
10/02/2022;43565.113281
11/02/2022;42407.937500
12/02/2022;42244.468750
13/02/2022;42197.515625
14/02/2022;42586.917969
15/02/2022;44575.203125
16/02/2022;43961.859375
17/02/2022;40538.011719
18/02/2022;40030.976563
19/02/2022;40122.156250
20/02/2022;38431.378906
21/02/2022;37075.281250
22/02/2022;38286.027344
23/02/2022;37296.570313
24/02/2022;38332.609375
25/02/2022;39214.218750
26/02/2022;39105.148438
27/02/2022;37709.785156
28/02/2022;43193.234375
01/03/2022;44354.636719
02/03/2022;43924.117188
03/03/2022;42451.789063
04/03/2022;39137.605469
05/03/2022;39400.585938
06/03/2022;38419.984375
07/03/2022;38062.039063
08/03/2022;38737.269531
09/03/2022;41982.925781
10/03/2022;39437.460938
11/03/2022;38794.972656
12/03/2022;38904.011719
13/03/2022;37849.664063
14/03/2022;39666.753906
15/03/2022;39338.785156
16/03/2022;41143.929688
17/03/2022;40951.378906
18/03/2022;41801.156250
19/03/2022;42190.652344
20/03/2022;41247.824219
21/03/2022;41077.996094
22/03/2022;42358.808594
23/03/2022;42892.957031
24/03/2022;43960.933594
25/03/2022;44348.730469
26/03/2022;44500.828125
27/03/2022;46820.492188
28/03/2022;47128.003906
29/03/2022;47465.730469
30/03/2022;47062.664063
31/03/2022;45538.675781
01/04/2022;46281.644531
02/04/2022;45868.949219
03/04/2022;46453.566406
04/04/2022;46622.675781
05/04/2022;45555.992188
06/04/2022;43206.738281
07/04/2022;43503.847656
08/04/2022;42287.664063
09/04/2022;42782.136719
10/04/2022;42207.671875
11/04/2022;39521.902344
12/04/2022;40127.183594
13/04/2022;41166.730469
14/04/2022;39935.515625
15/04/2022;40553.464844
16/04/2022;40424.484375
17/04/2022;39716.953125
18/04/2022;40826.214844
19/04/2022;41502.750000
20/04/2022;41374.378906
21/04/2022;40527.363281
22/04/2022;39740.320313
23/04/2022;39486.730469
24/04/2022;39469.292969
25/04/2022;40458.308594
26/04/2022;38117.460938
27/04/2022;39241.121094
28/04/2022;39773.828125
29/04/2022;38609.824219
30/04/2022;37714.875000
01/05/2022;38469.093750
02/05/2022;38529.328125
03/05/2022;37750.453125
04/05/2022;39698.371094
05/05/2022;36575.140625
06/05/2022;36040.921875
07/05/2022;35501.953125
08/05/2022;34059.265625
09/05/2022;30296.953125
10/05/2022;31022.906250
11/05/2022;28936.355469
12/05/2022;29047.751953
13/05/2022;29283.103516
14/05/2022;30101.265625
15/05/2022;31305.113281
16/05/2022;29862.917969
17/05/2022;30425.857422
18/05/2022;28720.271484
19/05/2022;30314.333984
20/05/2022;29200.740234
21/05/2022;29432.226563
22/05/2022;30323.722656
23/05/2022;29098.910156
24/05/2022;29655.585938
25/05/2022;29562.361328
26/05/2022;29267.224609
27/05/2022;28627.574219
28/05/2022;28814.900391
29/05/2022;29445.957031
30/05/2022;31726.390625
31/05/2022;31792.310547
01/06/2022;29799.080078
02/06/2022;30467.488281
03/06/2022;29704.390625
04/06/2022;29832.914063
05/06/2022;29906.662109
06/06/2022;31370.671875
07/06/2022;31155.478516
08/06/2022;30214.355469
09/06/2022;30111.998047
10/06/2022;29083.804688
11/06/2022;28360.810547
12/06/2022;26762.648438
13/06/2022;22487.388672
14/06/2022;22206.792969
15/06/2022;22572.839844
16/06/2022;20381.650391
17/06/2022;20471.482422
18/06/2022;19017.642578
19/06/2022;20553.271484
20/06/2022;20599.537109
21/06/2022;20710.597656
22/06/2022;19987.029297
23/06/2022;21085.876953
24/06/2022;21231.656250
25/06/2022;21502.337891
26/06/2022;21027.294922
27/06/2022;20735.478516
28/06/2022;20280.634766
29/06/2022;20104.023438
30/06/2022;19784.726563
01/07/2022;19269.367188
02/07/2022;19242.255859
03/07/2022;19297.076172
04/07/2022;20231.261719
05/07/2022;20190.115234
06/07/2022;20548.246094
07/07/2022;21637.587891
08/07/2022;21731.117188
09/07/2022;21592.207031
10/07/2022;20860.449219
11/07/2022;19970.556641
12/07/2022;19323.914063
13/07/2022;20212.074219
14/07/2022;20569.919922
15/07/2022;20836.328125
16/07/2022;21190.316406
17/07/2022;20779.343750
18/07/2022;22485.689453
19/07/2022;23389.433594
20/07/2022;23231.732422
21/07/2022;23164.628906
22/07/2022;22714.978516
23/07/2022;22465.478516
24/07/2022;22609.164063
25/07/2022;21361.701172
26/07/2022;21239.753906
27/07/2022;22930.548828
28/07/2022;23843.886719
29/07/2022;23804.632813
30/07/2022;23656.207031
31/07/2022;23336.896484
01/08/2022;23314.199219
02/08/2022;22978.117188
03/08/2022;22846.507813
04/08/2022;22630.957031
05/08/2022;23289.314453
06/08/2022;22961.279297
07/08/2022;23175.890625
08/08/2022;23809.486328
09/08/2022;23164.318359
10/08/2022;23947.642578
11/08/2022;23957.529297
12/08/2022;24402.818359
13/08/2022;24424.068359
14/08/2022;24319.333984
15/08/2022;24136.972656
16/08/2022;23883.291016
17/08/2022;23335.998047
18/08/2022;23212.738281
19/08/2022;20877.552734
20/08/2022;21166.060547
21/08/2022;21534.121094
22/08/2022;21398.908203
23/08/2022;21528.087891
24/08/2022;21395.019531
25/08/2022;21600.904297
26/08/2022;20260.019531
27/08/2022;20041.738281
28/08/2022;19616.814453
29/08/2022;20297.994141
30/08/2022;19796.808594
31/08/2022;20049.763672
01/09/2022;20127.140625
02/09/2022;19969.771484
03/09/2022;19832.087891
04/09/2022;19986.712891
05/09/2022;19812.371094
06/09/2022;18837.667969
07/09/2022;19290.324219
08/09/2022;19329.833984
09/09/2022;21381.152344
10/09/2022;21680.539063
11/09/2022;21769.255859
12/09/2022;22370.449219
13/09/2022;20296.707031
14/09/2022;20241.089844
15/09/2022;19701.210938
16/09/2022;19772.583984
17/09/2022;20127.576172
18/09/2022;19419.505859
19/09/2022;19544.128906
20/09/2022;18890.789063
21/09/2022;19080.910156
