1871/01;4.44;5.86
1871/02;4.50;5.78
1871/03;4.61;5.64
1871/04;4.74;5.49
1871/05;4.86;5.35
1871/06;4.82;5.39
1871/07;4.73;5.5
1871/08;4.79;5.43
1871/09;4.84;5.37
1871/1;4.59;5.66
1871/11;4.64;5.6
1871/12;4.74;5.49
1872/01;4.86;5.42
1872/02;4.88;5.47
1872/03;5.04;5.36
1872/04;5.18;5.28
1872/05;5.18;5.34
1872/06;5.13;5.46
1872/07;5.10;5.55
1872/08;5.04;5.69
1872/09;4.95;5.86
1872/1;4.97;5.9
1872/11;4.95;5.99
1872/12;5.07;5.92
1873/01;5.11;5.92
1873/02;5.15;5.92
1873/03;5.11;6.02
1873/04;5.04;6.15
1873/05;5.05;6.19
1873/06;4.98;6.33
1873/07;4.97;6.39
1873/08;4.97;6.44
1873/09;4.59;7.03
1873/1;4.19;7.76
1873/11;4.04;8.11
1873/12;4.42;7.47
1874/01;4.66;7.08
1874/02;4.80;6.88
1874/03;4.73;6.98
1874/04;4.60;7.17
1874/05;4.48;7.37
1874/06;4.46;7.4
1874/07;4.46;7.4
1874/08;4.47;7.38
1874/09;4.54;7.27
1874/1;4.53;7.28
1874/11;4.57;7.22
1874/12;4.54;7.27
1875/01;4.54;7.21
1875/02;4.53;7.17
1875/03;4.59;7.03
1875/04;4.65;6.88
1875/05;4.47;7.1
1875/06;4.38;7.19
1875/07;4.39;7.12
1875/08;4.41;7.03
1875/09;4.37;7.04
1875/1;4.30;7.09
1875/11;4.37;6.92
1875/12;4.37;6.86
1876/01;4.46;6.73
1876/02;4.52;6.64
1876/03;4.51;6.65
1876/04;4.34;6.91
1876/05;4.18;7.18
1876/06;4.15;7.23
1876/07;4.10;7.32
1876/08;3.93;7.63
1876/09;3.69;8.13
1876/1;3.67;8.17
1876/11;3.60;8.33
1876/12;3.58;8.38
1877/01;3.55;8.19
1877/02;3.34;8.43
1877/03;3.17;8.6
1877/04;2.94;8.96
1877/05;2.94;8.65
1877/06;2.73;8.97
1877/07;2.85;8.27
1877/08;3.05;7.43
1877/09;3.24;6.71
1877/1;3.31;6.29
1877/11;3.26;6.11
1877/12;3.25;5.85
1878/01;3.25;5.82
1878/02;3.18;5.92
1878/03;3.24;5.79
1878/04;3.33;5.61
1878/05;3.34;5.56
1878/06;3.41;5.43
1878/07;3.48;5.29
1878/08;3.45;5.31
1878/09;3.52;5.18
1878/1;3.48;5.22
1878/11;3.47;5.21
1878/12;3.45;5.22
1879/01;3.58;5.08
1879/02;3.71;4.94
1879/03;3.65;5.07
1879/04;3.77;4.95
1879/05;3.94;4.78
1879/06;3.96;4.8
1879/07;4.04;4.75
1879/08;4.07;4.75
1879/09;4.22;4.62
1879/1;4.68;4.2
1879/11;4.93;4.02
1879/12;4.92;4.07
1880/01;5.11;4.01
1880/02;5.20;4.04
1880/03;5.30;4.06
1880/04;5.18;4.25
1880/05;4.77;4.72
1880/06;4.79;4.8
1880/07;5.01;4.69
1880/08;5.19;4.62
1880/09;5.18;4.73
1880/1;5.33;4.69
1880/11;5.61;4.55
1880/12;5.84;4.45
1881/01;6.19;4.28
1881/02;6.17;4.38
1881/03;6.24;4.41
1881/04;6.22;4.5
1881/05;6.50;4.38
1881/06;6.58;4.41
1881/07;6.35;4.65
1881/08;6.20;4.84
1881/09;6.25;4.88
1881/1;6.15;5.04
1881/11;6.19;5.09
1881/12;6.01;5.32
1882/01;5.92;5.41
1882/02;5.79;5.53
1882/03;5.78;5.54
1882/04;5.78;5.54
1882/05;5.71;5.6
1882/06;5.68;5.63
1882/07;6.00;5.33
1882/08;6.18;5.18
1882/09;6.24;5.13
1882/1;6.07;5.27
1882/11;5.81;5.51
1882/12;5.84;5.48
1883/01;5.81;5.52
1883/02;5.68;5.66
1883/03;5.75;5.61
1883/04;5.87;5.51
1883/05;5.77;5.62
1883/06;5.82;5.58
1883/07;5.73;5.69
1883/08;5.47;5.97
1883/09;5.53;5.92
1883/1;5.38;6.1
1883/11;5.46;6.03
1883/12;5.34;6.18
1884/01;5.18;6.34
1884/02;5.32;6.14
1884/03;5.30;6.13
1884/04;5.06;6.39
1884/05;4.65;6.92
1884/06;4.46;7.17
1884/07;4.46;7.14
1884/08;4.74;6.68
1884/09;4.59;6.86
1884/1;4.44;7.06
1884/11;4.35;7.17
1884/12;4.34;7.14
1885/01;4.24;7.17
1885/02;4.37;6.83
1885/03;4.38;6.68
1885/04;4.37;6.56
1885/05;4.32;6.5
1885/06;4.30;6.4
1885/07;4.46;6.04
1885/08;4.71;5.59
1885/09;4.65;5.54
1885/1;4.92;5.12
1885/11;5.24;4.69
1885/12;5.20;4.62
1886/01;5.20;4.58
1886/02;5.30;4.47
1886/03;5.19;4.53
1886/04;5.12;4.56
1886/05;5.02;4.62
1886/06;5.25;4.38
1886/07;5.33;4.28
1886/08;5.37;4.22
1886/09;5.51;4.08
1886/1;5.65;3.95
1886/11;5.79;3.83
1886/12;5.64;3.9
1887/01;5.58;3.99
1887/02;5.54;4.06
1887/03;5.67;4.01
1887/04;5.80;3.97
1887/05;5.90;3.94
1887/06;5.73;4.1
1887/07;5.59;4.25
1887/08;5.45;4.4
1887/09;5.38;4.51
1887/1;5.20;4.71
1887/11;5.30;4.67
1887/12;5.27;4.74
1888/01;5.31;4.68
1888/02;5.28;4.67
1888/03;5.08;4.82
1888/04;5.10;4.77
1888/05;5.17;4.68
1888/06;5.01;4.79
1888/07;5.14;4.64
1888/08;5.25;4.51
1888/09;5.38;4.37
1888/1;5.35;4.36
1888/11;5.24;4.42
1888/12;5.14;4.47
1889/01;5.24;4.37
1889/02;5.30;4.31
1889/03;5.19;4.38
1889/04;5.18;4.38
1889/05;5.32;4.24
1889/06;5.41;4.16
1889/07;5.30;4.23
1889/08;5.37;4.16
1889/09;5.50;4.05
1889/1;5.40;4.11
1889/11;5.35;4.13
1889/12;5.32;4.14
1890/01;5.38;4.09
1890/02;5.32;4.14
1890/03;5.28;4.17
1890/04;5.39;4.08
1890/05;5.62;3.91
1890/06;5.58;3.94
1890/07;5.54;3.97
1890/08;5.41;4.07
1890/09;5.32;4.14
1890/1;5.08;4.33
1890/11;4.71;4.67
1890/12;4.60;4.78
1891/01;4.84;4.55
1891/02;4.90;4.49
1891/03;4.81;4.57
1891/04;4.97;4.43
1891/05;4.95;4.44
1891/06;4.85;4.54
1891/07;4.77;4.61
1891/08;4.93;4.46
1891/09;5.33;4.13
1891/1;5.33;4.13
1891/11;5.25;4.19
1891/12;5.41;4.07
1892/01;5.51;4.02
1892/02;5.52;4.05
1892/03;5.58;4.03
1892/04;5.57;4.07
1892/05;5.57;4.1
1892/06;5.54;4.15
1892/07;5.54;4.18
1892/08;5.62;4.15
1892/09;5.48;4.29
1892/1;5.59;4.23
1892/11;5.57;4.28
1892/12;5.51;4.36
1893/01;5.61;4.29
1893/02;5.51;4.39
1893/03;5.31;4.57
1893/04;5.31;4.58
1893/05;4.84;5.05
1893/06;4.61;5.31
1893/07;4.18;5.88
1893/08;4.08;6.05
1893/09;4.37;5.66
1893/1;4.50;5.52
1893/11;4.57;5.45
1893/12;4.41;5.67
1894/01;4.32;5.71
1894/02;4.38;5.55
1894/03;4.51;5.32
1894/04;4.57;5.18
1894/05;4.40;5.3
1894/06;4.34;5.3
1894/07;4.25;5.33
1894/08;4.41;5.06
1894/09;4.48;4.91
1894/1;4.34;4.99
1894/11;4.34;4.91
1894/12;4.30;4.88
1895/01;4.25;4.9
1895/02;4.19;4.93
1895/03;4.19;4.89
1895/04;4.37;4.65
1895/05;4.61;4.38
1895/06;4.70;4.26
1895/07;4.72;4.2
1895/08;4.79;4.11
1895/09;4.82;4.05
1895/1;4.75;4.07
1895/11;4.59;4.18
1895/12;4.32;4.4
1896/01;4.27;4.43
1896/02;4.45;4.23
1896/03;4.38;4.28
1896/04;4.42;4.22
1896/05;4.40;4.22
1896/06;4.32;4.28
1896/07;4.04;4.56
1896/08;3.81;4.81
1896/09;4.01;4.55
1896/1;4.10;4.43
1896/11;4.38;4.13
1896/12;4.22;4.27
1897/01;4.22;4.27
1897/02;4.18;4.31
1897/03;4.19;4.3
1897/04;4.06;4.43
1897/05;4.08;4.41
1897/06;4.27;4.22
1897/07;4.46;4.04
1897/08;4.75;3.79
1897/09;4.98;3.61
1897/1;4.82;3.73
1897/11;4.65;3.87
1897/12;4.75;3.79
1898/01;4.88;3.72
1898/02;4.87;3.76
1898/03;4.65;3.98
1898/04;4.57;4.09
1898/05;4.87;3.87
1898/06;5.06;3.75
1898/07;5.08;3.77
1898/08;5.27;3.67
1898/09;5.26;3.71
1898/1;5.15;3.82
1898/11;5.32;3.73
1898/12;5.65;3.54
1899/01;6.08;3.3
1899/02;6.31;3.2
1899/03;6.40;3.16
1899/04;6.48;3.14
1899/05;6.21;3.29
1899/06;6.07;3.38
1899/07;6.28;3.28
1899/08;6.44;3.21
1899/09;6.37;3.26
1899/1;6.34;3.29
1899/11;6.46;3.24
1899/12;6.02;3.49
1900/01;6.10;3.57
1900/02;6.21;3.62
1900/03;6.26;3.71
1900/04;6.34;3.79
1900/05;6.04;4.1
1900/06;5.86;4.35
1900/07;5.86;4.48
1900/08;5.94;4.55
1900/09;5.80;4.78
1900/1;6.01;4.74
1900/11;6.48;4.51
1900/12;6.87;4.37
1901/01;7.07;4.27
1901/02;7.25;4.18
1901/03;7.51;4.06
1901/04;8.14;3.77
1901/05;7.73;3.99
1901/06;8.50;3.65
1901/07;7.93;3.93
1901/08;8.04;3.9
1901/09;8.00;3.94
1901/1;7.91;4
1901/11;8.08;3.94
1901/12;7.95;4.03
1902/01;8.12;3.95
1902/02;8.19;3.93
1902/03;8.20;3.93
1902/04;8.48;3.81
1902/05;8.46;3.83
1902/06;8.41;3.86
1902/07;8.60;3.79
1902/08;8.83;3.7
1902/09;8.85;3.7
1902/1;8.57;3.83
1902/11;8.24;4
1902/12;8.05;4.1
1903/01;8.46;3.92
1903/02;8.41;3.96
1903/03;8.08;4.15
1903/04;7.75;4.34
1903/05;7.60;4.45
1903/06;7.18;4.74
1903/07;6.85;4.99
1903/08;6.63;5.18
1903/09;6.47;5.33
1903/1;6.26;5.54
1903/11;6.28;5.55
1903/12;6.57;5.33
1904/01;6.68;5.19
1904/02;6.50;5.28
1904/03;6.48;5.25
1904/04;6.64;5.07
1904/05;6.50;5.13
1904/06;6.51;5.07
1904/07;6.78;4.82
1904/08;7.01;4.61
1904/09;7.32;4.37
1904/1;7.75;4.09
1904/11;8.17;3.83
1904/12;8.25;3.76
1905/01;8.43;3.7
1905/02;8.80;3.56
1905/03;9.05;3.48
1905/04;8.94;3.54
1905/05;8.50;3.74
1905/06;8.60;3.72
1905/07;8.87;3.63
1905/08;9.20;3.51
1905/09;9.23;3.52
1905/1;9.36;3.49
1905/11;9.31;3.53
1905/12;9.54;3.46
1906/01;9.87;3.4
1906/02;9.80;3.49
1906/03;9.56;3.63
1906/04;9.43;3.75
1906/05;9.18;3.91
1906/06;9.30;3.92
1906/07;9.06;4.09
1906/08;9.73;3.87
1906/09;10.03;3.81
1906/1;9.73;3.99
1906/11;9.93;3.97
1906/12;9.84;4.07
1907/01;9.56;4.22
1907/02;9.26;4.39
1907/03;8.35;4.91
1907/04;8.39;4.93
1907/05;8.10;5.14
1907/06;7.84;5.36
1907/07;8.14;5.2
1907/08;7.53;5.67
1907/09;7.45;5.77
1907/1;6.64;6.53
1907/11;6.25;6.99
1907/12;6.57;6.7
1908/01;6.85;6.38
1908/02;6.60;6.57
1908/03;6.87;6.26
1908/04;7.24;5.89
1908/05;7.63;5.55
1908/06;7.64;5.5
1908/07;7.92;5.26
1908/08;8.26;5
1908/09;8.17;5.02
1908/1;8.27;4.92
1908/11;8.83;4.57
1908/12;9.03;4.43
1909/01;9.06;4.45
1909/02;8.80;4.62
1909/03;8.92;4.6
1909/04;9.32;4.43
1909/05;9.63;4.33
1909/06;9.80;4.29
1909/07;9.94;4.26
1909/08;10.18;4.19
1909/09;10.19;4.22
1909/1;10.23;4.24
1909/11;10.18;4.29
1909/12;10.30;4.27
1910/01;10.08;4.39
1910/02;9.72;4.58
1910/03;9.96;4.49
1910/04;9.72;4.63
1910/05;9.56;4.73
1910/06;9.10;5
1910/07;8.64;5.3
1910/08;8.85;5.2
1910/09;8.91;5.19
1910/1;9.32;4.99
1910/11;9.31;5.02
1910/12;9.05;5.19
1911/01;9.27;5.07
1911/02;9.43;4.98
1911/03;9.32;5.04
1911/04;9.28;5.06
1911/05;9.48;4.96
1911/06;9.67;4.86
1911/07;9.63;4.88
1911/08;9.17;5.13
1911/09;8.67;5.42
1911/1;8.72;5.39
1911/11;9.07;5.18
1911/12;9.11;5.16
1912/01;9.12;5.16
1912/02;9.04;5.22
1912/03;9.30;5.08
1912/04;9.59;4.94
1912/05;9.58;4.95
1912/06;9.58;4.96
1912/07;9.59;4.96
1912/08;9.81;4.86
1912/09;9.86;4.84
1912/1;9.84;4.86
1912/11;9.73;4.92
1912/12;9.38;5.12
1913/01;9.30;5.16
1913/02;8.97;5.35
1913/03;8.80;5.45
1913/04;8.79;5.46
1913/05;8.55;5.61
1913/06;8.12;5.91
1913/07;8.23;5.83
1913/08;8.45;5.68
1913/09;8.53;5.63
1913/1;8.26;5.81
1913/11;8.05;5.96
1913/12;8.04;5.97
1914/01;8.37;5.68
1914/02;8.48;5.54
1914/03;8.32;5.59
1914/04;8.12;5.67
1914/05;8.17;5.57
1914/06;8.13;5.54
1914/07;7.68;5.79
1914/08;7.68;5.73
1914/09;7.68;5.66
1914/1;7.68;5.6
1914/11;7.68;5.53
1914/12;7.35;5.71
1915/01;7.48;5.63
1915/02;7.38;5.71
1915/03;7.57;5.58
1915/04;8.14;5.2
1915/05;7.95;5.34
1915/06;8.04;5.29
1915/07;8.01;5.32
1915/08;8.35;5.11
1915/09;8.66;4.94
1915/1;9.14;4.69
1915/11;9.46;4.54
1915/12;9.48;4.54
1916/01;9.33;4.72
1916/02;9.20;4.91
1916/03;9.17;5.04
1916/04;9.07;5.22
1916/05;9.27;5.22
1916/06;9.36;5.29
1916/07;9.23;5.48
1916/08;9.30;5.56
1916/09;9.68;5.45
1916/1;9.98;5.39
1916/11;10.21;5.38
1916/12;9.80;5.71
1917/01;9.57;5.96
1917/02;9.03;6.44
1917/03;9.31;6.36
1917/04;9.17;6.58
1917/05;8.86;6.93
1917/06;9.04;6.91
1917/07;8.79;7.23
1917/08;8.53;7.58
1917/09;8.12;8.1
1917/1;7.68;8.7
1917/11;7.04;9.65
1917/12;6.80;10.15
1918/01;7.21;9.43
1918/02;7.43;9.02
1918/03;7.28;9.07
1918/04;7.21;9.02
1918/05;7.44;8.6
1918/06;7.45;8.46
1918/07;7.51;8.26
1918/08;7.58;8.05
1918/09;7.54;7.96
1918/1;7.86;7.51
1918/11;8.06;7.2
1918/12;7.90;7.22
1919/01;7.85;7.22
1919/02;7.88;7.15
1919/03;8.12;6.9
1919/04;8.39;6.64
1919/05;8.97;6.17
1919/06;9.21;5.97
1919/07;9.51;5.75
1919/08;8.87;6.13
1919/09;9.01;5.99
1919/1;9.47;5.67
1919/11;9.19;5.8
1919/12;8.92;5.94
1920/01;8.83;5.98
1920/02;8.10;6.5
1920/03;8.67;6.06
1920/04;8.60;6.08
1920/05;8.06;6.47
1920/06;7.92;6.57
1920/07;7.91;6.55
1920/08;7.60;6.8
1920/09;7.87;6.54
1920/1;7.88;6.51
1920/11;7.48;6.84
1920/12;6.81;7.49
1921/01;7.11;7.11
1921/02;7.06;7.11
1921/03;6.88;7.23
1921/04;6.91;7.14
1921/05;7.12;6.87
1921/06;6.55;7.4
1921/07;6.53;7.36
1921/08;6.45;7.39
1921/09;6.61;7.15
1921/1;6.70;6.99
1921/11;7.06;6.58
1921/12;7.31;6.29
1922/01;7.30;6.36
1922/02;7.46;6.28
1922/03;7.74;6.1
1922/04;8.21;5.81
1922/05;8.53;5.64
1922/06;8.45;5.74
1922/07;8.51;5.75
1922/08;8.83;5.59
1922/09;9.06;5.49
1922/1;9.26;5.42
1922/11;8.80;5.75
1922/12;8.78;5.81
1923/01;8.90;5.75
1923/02;9.28;5.53
1923/03;9.43;5.46
1923/04;9.10;5.68
1923/05;8.67;5.98
1923/06;8.34;6.24
1923/07;8.06;6.47
1923/08;8.10;6.46
1923/09;8.15;6.44
1923/1;8.03;6.56
1923/11;8.27;6.39
1923/12;8.55;6.2
1924/01;8.83;6.02
1924/02;8.87;6.01
1924/03;8.70;6.15
1924/04;8.50;6.31
1924/05;8.47;6.36
1924/06;8.63;6.26
1924/07;9.03;6
1924/08;9.34;5.82
1924/09;9.25;5.89
1924/1;9.13;5.99
1924/11;9.64;5.69
1924/12;10.16;5.41
1925/01;10.58;5.24
1925/02;10.67;5.23
1925/03;10.39;5.41
1925/04;10.28;5.51
1925/05;10.61;5.38
1925/06;10.80;5.32
1925/07;11.10;5.22
1925/08;11.25;5.18
1925/09;11.51;5.1
1925/1;11.89;4.98
1925/11;12.26;4.86
1925/12;12.46;4.82
1926/01;12.65;4.8
1926/02;12.67;4.85
1926/03;11.81;5.27
1926/04;11.48;5.49
1926/05;11.56;5.51
1926/06;12.11;5.33
1926/07;12.62;5.17
1926/08;13.12;5.03
1926/09;13.32;5.01
1926/1;13.02;5.18
1926/11;13.19;5.17
1926/12;13.49;5.11
1927/01;13.40;5.2
1927/02;13.66;5.15
1927/03;13.87;5.12
1927/04;14.21;5.04
1927/05;14.70;4.92
1927/06;14.89;4.9
1927/07;15.22;4.84
1927/08;16.03;4.64
1927/09;16.94;4.43
1927/1;16.68;4.54
1927/11;17.06;4.47
1927/12;17.46;4.41
1928/01;17.53;4.43
1928/02;17.32;4.52
1928/03;18.25;4.33
1928/04;19.40;4.11
1928/05;20.00;4.02
1928/06;19.02;4.26
1928/07;19.16;4.26
1928/08;19.78;4.16
1928/09;21.17;3.92
1928/1;21.60;3.87
1928/11;23.06;3.66
1928/12;23.15;3.67
1929/01;24.86;3.46
1929/02;24.99;3.48
1929/03;25.43;3.46
1929/04;25.28;3.52
1929/05;25.66;3.51
1929/06;26.15;3.48
1929/07;28.48;3.23
1929/08;30.10;3.09
1929/09;31.30;3
1929/1;27.99;3.39
1929/11;20.58;4.66
1929/12;21.40;4.53
1930/01;21.71;4.47
1930/02;23.07;4.21
1930/03;23.94;4.06
1930/04;25.46;3.82
1930/05;23.94;4.07
1930/06;21.52;4.53
1930/07;21.06;4.63
1930/08;20.79;4.7
1930/09;20.78;4.7
1930/1;17.92;5.46
1930/11;16.62;5.89
1930/12;15.51;6.32
1931/01;15.98;6.05
1931/02;17.20;5.54
1931/03;17.53;5.36
1931/04;15.86;5.84
1931/05;14.33;6.37
1931/06;13.87;6.49
1931/07;14.33;6.19
1931/08;13.90;6.28
1931/09;11.83;7.27
1931/1;10.25;8.26
1931/11;10.39;8.02
1931/12;8.44;9.72
1932/01;8.30;9.56
1932/02;8.23;9.32
1932/03;8.26;8.96
1932/04;6.28;11.36
1932/05;5.51;12.46
1932/06;4.77;13.84
1932/07;5.01;12.64
1932/08;7.53;8.06
1932/09;8.26;7.02
1932/1;7.12;7.77
1932/11;7.05;7.47
1932/12;6.82;7.33
1933/01;7.09;6.98
1933/02;6.25;7.84
1933/03;6.23;7.78
1933/04;6.89;6.97
1933/05;8.87;5.36
1933/06;10.39;4.52
1933/07;11.23;4.14
1933/08;10.67;4.31
1933/09;10.58;4.3
1933/1;9.55;4.71
1933/11;9.78;4.55
1933/12;9.97;4.41
1934/01;10.54;4.18
1934/02;11.32;3.9
1934/03;10.74;4.12
1934/04;10.92;4.06
1934/05;9.81;4.53
1934/06;9.94;4.48
1934/07;9.47;4.71
1934/08;9.10;4.91
1934/09;8.88;5.04
1934/1;8.95;5.01
1934/11;9.20;4.88
1934/12;9.26;4.86
1935/01;9.26;4.86
1935/02;8.98;5.01
1935/03;8.41;5.35
1935/04;9.04;4.94
1935/05;9.75;4.55
1935/06;10.12;4.35
1935/07;10.65;4.13
1935/08;11.37;3.87
1935/09;11.61;3.79
1935/1;11.92;3.78
1935/11;13.04;3.53
1935/12;13.04;3.6
1936/01;13.76;3.49
1936/02;14.55;3.37
1936/03;14.86;3.36
1936/04;14.88;3.47
1936/05;14.09;3.79
1936/06;14.69;3.74
1936/07;15.56;3.66
1936/08;15.87;3.72
1936/09;16.05;3.8
1936/1;16.89;3.83
1936/11;17.36;3.94
1936/12;17.06;4.22
1937/01;17.59;4.15
1937/02;18.11;4.09
1937/03;18.09;4.15
1937/04;17.01;4.59
1937/05;16.25;4.98
1937/06;15.64;5.37
1937/07;16.57;4.93
1937/08;16.74;4.74
1937/09;14.37;5.36
1937/1;12.28;6.35
1937/11;11.20;7.05
1937/12;11.02;7.26
1938/01;11.31;7.01
1938/02;11.04;7.13
1938/03;10.31;7.57
1938/04;9.89;7.75
1938/05;9.98;7.55
1938/06;10.21;7.25
1938/07;12.24;5.83
1938/08;12.31;5.58
1938/09;11.75;5.62
1938/1;13.06;4.67
1938/11;13.07;4.28
1938/12;12.69;4.02
1939/01;12.50;4.11
1939/02;12.40;4.17
1939/03;12.39;4.2
1939/04;10.83;4.83
1939/05;11.23;4.69
1939/06;11.43;4.64
1939/07;11.71;4.61
1939/08;11.54;4.77
1939/09;12.77;4.39
1939/1;12.90;4.5
1939/11;12.67;4.74
1939/12;12.37;5.01
1940/01;12.30;5.07
1940/02;12.22;5.13
1940/03;12.15;5.19
1940/04;12.27;5.19
1940/05;10.58;6.08
1940/06;9.67;6.72
1940/07;9.99;6.57
1940/08;10.20;6.5
1940/09;10.63;6.3
1940/1;10.73;6.24
1940/11;10.98;6.1
1940/12;10.53;6.36
1941/01;10.55;6.38
1941/02;9.89;6.84
1941/03;9.95;6.83
1941/04;9.64;7.09
1941/05;9.43;7.28
1941/06;9.76;7.07
1941/07;10.26;6.76
1941/08;10.21;6.82
1941/09;10.24;6.84
1941/1;9.83;7.15
1941/11;9.37;7.54
1941/12;8.76;8.11
1942/01;8.93;7.88
1942/02;8.65;8.05
1942/03;8.18;8.44
1942/04;7.84;8.67
1942/05;7.93;8.45
1942/06;8.33;7.92
1942/07;8.64;7.48
1942/08;8.59;7.37
1942/09;8.68;7.14
1942/1;9.32;6.55
1942/11;9.47;6.34
1942/12;9.52;6.2
1943/01;10.09;5.85
1943/02;10.69;5.52
1943/03;11.07;5.33
1943/04;11.44;5.16
1943/05;11.89;4.96
1943/06;12.10;4.88
1943/07;12.35;4.8
1943/08;11.74;5.08
1943/09;11.99;5
1943/1;11.88;5.08
1943/11;11.33;5.35
1943/12;11.48;5.31
1944/01;11.85;5.18
1944/02;11.77;5.24
1944/03;12.10;5.12
1944/04;11.89;5.24
1944/05;12.10;5.18
1944/06;12.67;4.97
1944/07;13.00;4.87
1944/08;12.81;4.97
1944/09;12.60;5.08
1944/1;12.91;4.96
1944/11;12.82;4.99
1944/12;13.10;4.89
1945/01;13.49;4.77
1945/02;13.94;4.64
1945/03;13.93;4.67
1945/04;14.28;4.55
1945/05;14.82;4.39
1945/06;15.09;4.31
1945/07;14.78;4.42
1945/08;14.83;4.43
1945/09;15.84;4.17
1945/1;16.50;4
1945/11;17.04;3.87
1945/12;17.33;3.81
1946/01;18.02;3.7
1946/02;18.07;3.73
1946/03;17.53;3.88
1946/04;18.66;3.64
1946/05;18.70;3.64
1946/06;18.58;3.66
1946/07;18.05;3.79
1946/08;17.70;3.88
1946/09;15.09;4.57
1946/1;14.75;4.72
1946/11;14.69;4.79
1946/12;15.13;4.69
1947/01;15.21;4.69
1947/02;15.80;4.54
1947/03;15.16;4.75
1947/04;14.60;5.02
1947/05;14.34;5.21
1947/06;14.84;5.12
1947/07;15.77;4.88
1947/08;15.46;5.05
1947/09;15.06;5.25
1947/1;15.45;5.22
1947/11;15.27;5.39
1947/12;15.03;5.59
1948/01;14.83;5.69
1948/02;14.10;6
1948/03;14.30;5.94
1948/04;15.40;5.52
1948/05;16.15;5.26
1948/06;16.82;5.05
1948/07;16.42;5.22
1948/08;15.94;5.42
1948/09;15.76;5.52
1948/1;16.19;5.5
1948/11;15.29;5.95
1948/12;15.19;6.12
1949/01;15.36;6.16
1949/02;14.77;6.52
1949/03;14.91;6.57
1949/04;14.89;6.67
1949/05;14.78;6.81
1949/06;13.97;7.3
1949/07;14.76;6.96
1949/08;15.29;6.76
1949/09;15.49;6.71
1949/1;15.89;6.75
1949/11;16.11;6.87
1949/12;16.54;6.89
1950/01;16.88;6.81
1950/02;17.21;6.74
1950/03;17.35;6.74
1950/04;17.84;6.61
1950/05;18.44;6.45
1950/06;18.74;6.4
1950/07;17.38;7.15
1950/08;18.43;6.98
1950/09;19.08;6.97
1950/1;19.87;6.93
1950/11;19.83;7.18
1950/12;19.75;7.44
1951/01;21.21;7.01
1951/02;22.00;6.83
1951/03;21.63;7.03
1951/04;21.92;7
1951/05;21.93;7.05
1951/06;21.55;7.24
1951/07;21.93;7.05
1951/08;22.89;6.7
1951/09;23.48;6.47
1951/1;23.36;6.35
1951/11;22.71;6.37
1951/12;23.41;6.02
1952/01;24.19;5.84
1952/02;23.75;5.96
1952/03;23.81;5.96
1952/04;23.74;6.02
1952/05;23.73;6.07
1952/06;24.38;5.95
1952/07;25.08;5.78
1952/08;25.18;5.76
1952/09;24.78;5.85
1952/1;24.26;5.92
1952/11;25.03;5.69
1952/12;26.04;5.41
1953/01;26.18;5.39
1953/02;25.86;5.45
1953/03;25.99;5.43
1953/04;24.71;5.72
1953/05;24.84;5.7
1953/06;23.95;5.93
1953/07;24.29;5.85
1953/08;24.39;5.82
1953/09;23.27;6.1
1953/1;23.97;5.97
1953/11;24.50;5.88
1953/12;24.83;5.84
1954/01;25.46;5.72
1954/02;26.02;5.62
1954/03;26.57;5.53
1954/04;27.63;5.3
1954/05;28.73;5.07
1954/06;28.96;5.01
1954/07;30.13;4.83
1954/08;30.73;4.76
1954/09;31.45;4.67
1954/1;32.18;4.64
1954/11;33.44;4.54
1954/12;34.97;4.4
1955/01;35.60;4.34
1955/02;36.79;4.22
1955/03;36.50;4.27
1955/04;37.76;4.14
1955/05;37.60;4.17
1955/06;39.78;3.95
1955/07;42.69;3.72
1955/08;42.43;3.78
1955/09;44.34;3.65
1955/1;42.11;3.86
1955/11;44.95;3.63
1955/12;45.37;3.61
1956/01;44.15;3.78
1956/02;44.43;3.83
1956/03;47.49;3.64
1956/04;48.05;3.65
1956/05;46.54;3.82
1956/06;46.27;3.89
1956/07;48.78;3.72
1956/08;48.49;3.77
1956/09;46.84;3.93
1956/1;46.24;3.91
1956/11;45.76;3.88
1956/12;46.44;3.75
1957/01;45.43;3.82
1957/02;43.47;3.99
1957/03;44.03;3.93
1957/04;45.05;3.84
1957/05;46.78;3.7
1957/06;47.55;3.64
1957/07;48.51;3.59
1957/08;45.84;3.82
1957/09;43.98;4
1957/1;41.24;4.29
1957/11;40.35;4.41
1957/12;40.33;4.44
1958/01;41.12;4.34
1958/02;41.26;4.31
1958/03;42.11;4.2
1958/04;42.34;4.15
1958/05;43.70;3.99
1958/06;44.75;3.87
1958/07;45.98;3.76
1958/08;47.70;3.63
1958/09;48.96;3.53
1958/1;50.95;3.41
1958/11;52.50;3.32
1958/12;53.49;3.27
1959/01;55.62;3.16
1959/02;54.77;3.22
1959/03;56.16;3.15
1959/04;57.10;3.11
1959/05;57.96;3.08
1959/06;57.46;3.12
1959/07;59.74;3.01
1959/08;59.40;3.04
1959/09;57.05;3.17
1959/1;57.00;3.19
1959/11;57.23;3.19
1959/12;59.06;3.1
1960/01;58.03;3.22
1960/02;55.78;3.41
1960/03;55.02;3.53
1960/04;55.73;3.49
1960/05;55.22;3.53
1960/06;57.26;3.41
1960/07;55.84;3.49
1960/08;56.51;3.45
1960/09;54.81;3.56
1960/1;53.73;3.63
1960/11;55.47;3.52
1960/12;56.80;3.43
1961/01;59.72;3.26
1961/02;62.17;3.13
1961/03;64.12;3.03
1961/04;65.83;2.95
1961/05;66.50;2.92
1961/06;65.62;2.96
1961/07;65.44;2.97
1961/08;67.79;2.88
1961/09;67.26;2.91
1961/1;68.00;2.91
1961/11;71.08;2.81
1961/12;71.74;2.82
1962/01;69.07;2.93
1962/02;70.22;2.9
1962/03;70.29;2.9
1962/04;68.05;3.01
1962/05;62.99;3.26
1962/06;55.63;3.7
1962/07;56.97;3.63
1962/08;58.52;3.54
1962/09;58.00;3.59
1962/1;56.17;3.73
1962/11;60.04;3.52
1962/12;62.64;3.4
1963/01;65.06;3.28
1963/02;65.92;3.25
1963/03;65.67;3.27
1963/04;68.76;3.15
1963/05;70.14;3.11
1963/06;70.11;3.14
1963/07;69.07;3.19
1963/08;70.98;3.11
1963/09;72.85;3.03
1963/1;73.03;3.06
1963/11;72.62;3.11
1963/12;74.17;3.07
1964/01;76.45;3
1964/02;77.39;2.99
1964/03;78.80;2.96
1964/04;79.94;2.94
1964/05;80.72;2.93
1964/06;80.24;2.97
1964/07;83.22;2.88
1964/08;82.00;2.95
1964/09;83.41;2.93
1964/1;84.85;2.9
1964/11;85.44;2.9
1964/12;83.96;2.98
1965/01;86.12;2.92
1965/02;86.75;2.92
1965/03;86.83;2.94
1965/04;87.97;2.92
1965/05;89.28;2.9
1965/06;85.04;3.07
1965/07;84.91;3.09
1965/08;86.49;3.06
1965/09;89.38;2.98
1965/1;91.39;2.93
1965/11;92.15;2.93
1965/12;91.73;2.97
1966/01;93.32;2.94
1966/02;92.69;2.98
1966/03;88.88;3.13
1966/04;91.60;3.05
1966/05;86.78;3.24
1966/06;86.06;3.29
1966/07;85.84;3.32
1966/08;80.65;3.56
1966/09;77.81;3.71
1966/1;77.13;3.74
1966/11;80.99;3.55
1966/12;81.33;3.53
1967/01;84.45;3.41
1967/02;87.36;3.31
1967/03;89.42;3.24
1967/04;90.96;3.19
1967/05;92.59;3.13
1967/06;91.43;3.17
1967/07;93.01;3.13
1967/08;94.49;3.08
1967/09;95.81;3.05
1967/1;95.66;3.05
1967/11;92.66;3.15
1967/12;95.30;3.06
1968/01;95.04;3.08
1968/02;90.75;3.24
1968/03;89.09;3.31
1968/04;95.67;3.1
1968/05;97.87;3.04
1968/06;100.50;2.98
1968/07;100.30;2.99
1968/08;98.11;3.07
1968/09;101.30;2.99
1968/1;103.80;2.93
1968/11;105.40;2.9
1968/12;106.50;2.88
1969/01;102.00;3.02
1969/02;101.50;3.04
1969/03;99.30;3.12
1969/04;101.30;3.07
1969/05;104.60;2.98
1969/06;99.14;3.16
1969/07;94.71;3.31
1969/08;94.18;3.34
1969/09;94.51;3.33
1969/1;95.52;3.3
1969/11;96.21;3.28
1969/12;91.11;3.47
1970/01;90.31;3.5
1970/02;87.16;3.63
1970/03;88.65;3.58
1970/04;85.95;3.69
1970/05;76.06;4.18
1970/06;75.59;4.21
1970/07;75.72;4.2
1970/08;77.92;4.09
1970/09;82.58;3.86
1970/1;84.37;3.76
1970/11;84.28;3.75
1970/12;90.05;3.49
1971/01;93.49;3.35
1971/02;97.11;3.21
1971/03;99.60;3.12
1971/04;103.00;3.02
1971/05;101.60;3.05
1971/06;99.72;3.11
1971/07;99.00;3.13
1971/08;97.24;3.18
1971/09;99.40;3.11
1971/1;97.29;3.17
1971/11;92.78;3.32
1971/12;99.17;3.1
1972/01;103.30;2.97
1972/02;105.20;2.92
1972/03;107.70;2.85
1972/04;108.80;2.82
1972/05;107.70;2.85
1972/06;108.00;2.84
1972/07;107.20;2.87
1972/08;111.00;2.77
1972/09;109.40;2.82
1972/1;109.60;2.83
1972/11;115.10;2.72
1972/12;117.50;2.68
1973/01;118.40;2.67
1973/02;114.20;2.77
1973/03;112.40;2.82
1973/04;110.30;2.89
1973/05;107.20;2.99
1973/06;104.80;3.07
1973/07;105.80;3.06
1973/08;103.80;3.13
1973/09;105.60;3.1
1973/1;109.80;3.01
1973/11;102.00;3.28
1973/12;94.78;3.57
1974/01;96.11;3.54
1974/02;93.45;3.66
1974/03;97.44;3.53
1974/04;92.46;3.74
1974/05;89.67;3.88
1974/06;89.79;3.9
1974/07;79.31;4.45
1974/08;76.03;4.68
1974/09;68.12;5.27
1974/1;69.44;5.17
1974/11;71.74;5.01
1974/12;67.07;5.37
1975/01;72.56;4.99
1975/02;80.10;4.55
1975/03;83.78;4.38
1975/04;84.72;4.35
1975/05;90.10;4.1
1975/06;92.40;4.02
1975/07;92.49;4.01
1975/08;85.71;4.33
1975/09;84.67;4.38
1975/1;88.57;4.18
1975/11;90.07;4.1
1975/12;88.70;4.15
1976/01;96.86;3.8
1976/02;100.60;3.66
1976/03;101.10;3.65
1976/04;101.90;3.64
1976/05;101.20;3.69
1976/06;101.80;3.69
1976/07;104.20;3.64
1976/08;103.30;3.7
1976/09;105.50;3.65
1976/1;101.90;3.84
1976/11;101.20;3.94
1976/12;104.70;3.87
1977/01;103.80;3.95
1977/02;101.00;4.1
1977/03;100.60;4.17
1977/04;99.05;4.29
1977/05;98.76;4.36
1977/06;99.29;4.39
1977/07;100.20;4.4
1977/08;97.75;4.56
1977/09;96.23;4.68
1977/1;93.74;4.86
1977/11;94.28;4.89
1977/12;93.82;4.98
1978/01;90.25;5.22
1978/02;88.98;5.35
1978/03;88.82;5.4
1978/04;92.71;5.22
1978/05;97.41;5
1978/06;97.66;5.03
1978/07;97.19;5.09
1978/08;103.90;4.8
1978/09;103.90;4.83
1978/1;100.60;5.01
1978/11;94.71;5.34
1978/12;96.11;5.28
1979/01;99.71;5.13
1979/02;98.23;5.25
1979/03;100.10;5.19
1979/04;102.10;5.14
1979/05;99.73;5.31
1979/06;101.70;5.25
1979/07;102.70;5.25
1979/08;107.40;5.08
1979/09;108.60;5.07
1979/1;104.50;5.32
1979/11;103.70;5.4
1979/12;107.80;5.24
1980/01;110.90;5.14
1980/02;115.30;4.99
1980/03;104.70;5.54
1980/04;103.00;5.68
1980/05;107.70;5.47
1980/06;114.60;5.18
1980/07;119.80;4.99
1980/08;123.50;4.88
1980/09;126.50;4.8
1980/1;130.20;4.69
1980/11;135.70;4.52
1980/12;133.50;4.61
1981/01;133.00;4.66
1981/02;128.40;4.86
1981/03;133.20;4.71
1981/04;134.40;4.7
1981/05;131.70;4.82
1981/06;132.30;4.83
1981/07;129.10;4.98
1981/08;129.60;5
1981/09;118.30;5.51
1981/1;119.80;5.47
1981/11;122.90;5.36
1981/12;123.80;5.36
1982/01;117.30;5.68
1982/02;114.50;5.84
1982/03;110.80;6.06
1982/04;116.30;5.8
1982/05;116.40;5.82
1982/06;109.70;6.21
1982/07;109.40;6.24
1982/08;109.70;6.23
1982/09;122.40;5.6
1982/1;132.70;5.17
1982/11;138.10;4.97
1982/12;139.40;4.93
1983/01;144.30;4.77
1983/02;146.80;4.7
1983/03;151.90;4.55
1983/04;157.70;4.39
1983/05;164.10;4.22
1983/06;166.40;4.17
1983/07;167.00;4.17
1983/08;162.40;4.3
1983/09;167.20;4.19
1983/1;167.70;4.19
1983/11;165.20;4.27
1983/12;164.40;4.31
1984/01;166.40;4.28
1984/02;157.30;4.55
1984/03;157.40;4.56
1984/04;157.60;4.58
1984/05;156.60;4.64
1984/06;153.10;4.77
1984/07;151.10;4.85
1984/08;164.40;4.47
1984/09;166.10;4.44
1984/1;164.80;4.51
1984/11;166.30;4.5
1984/12;164.50;4.58
1985/01;171.60;4.41
1985/02;180.90;4.21
1985/03;179.40;4.27
1985/04;180.60;4.26
1985/05;184.90;4.17
1985/06;188.90;4.1
1985/07;192.50;4.04
1985/08;188.30;4.15
1985/09;184.10;4.26
1985/1;186.20;4.22
1985/11;197.50;3.99
1985/12;207.30;3.81
1986/01;208.20;3.81
1986/02;219.40;3.64
1986/03;232.30;3.45
1986/04;238.00;3.38
1986/05;238.50;3.39
1986/06;245.30;3.3
1986/07;240.20;3.39
1986/08;245.00;3.34
1986/09;238.30;3.45
1986/1;237.40;3.47
1986/11;245.10;3.37
1986/12;248.60;3.33
1987/01;264.50;3.14
1987/02;280.90;2.96
1987/03;292.50;2.85
1987/04;289.30;2.9
1987/05;289.10;2.93
1987/06;301.40;2.83
1987/07;310.10;2.76
1987/08;329.40;2.61
1987/09;318.70;2.72
1987/1;280.20;3.11
1987/11;245.00;3.58
1987/12;241.00;3.66
1988/01;250.50;3.54
1988/02;258.10;3.45
1988/03;265.70;3.37
1988/04;262.60;3.44
1988/05;256.10;3.57
1988/06;270.70;3.41
1988/07;269.10;3.46
1988/08;263.70;3.56
1988/09;268.00;3.53
1988/1;277.40;3.44
1988/11;271.00;3.56
1988/12;276.50;3.53
1989/01;285.40;3.45
1989/02;294.00;3.38
1989/03;292.70;3.42
1989/04;302.30;3.35
1989/05;313.90;3.27
1989/06;323.70;3.2
1989/07;331.90;3.16
1989/08;346.60;3.06
1989/09;347.30;3.09
1989/1;347.40;3.12
1989/11;340.20;3.22
1989/12;348.60;3.17
1990/01;339.97;3.28
1990/02;330.45;3.4
1990/03;338.46;3.34
1990/04;338.18;3.38
1990/05;350.25;3.3
1990/06;360.39;3.24
1990/07;360.03;3.26
1990/08;330.75;3.56
1990/09;315.41;3.75
1990/1;307.12;3.88
1990/11;315.29;3.81
1990/12;328.75;3.68
1991/01;325.49;3.72
1991/02;362.26;3.34
1991/03;372.28;3.25
1991/04;379.68;3.19
1991/05;377.99;3.21
1991/06;378.29;3.21
1991/07;380.23;3.21
1991/08;389.40;3.14
1991/09;387.20;3.17
1991/1;386.88;3.17
1991/11;385.92;3.17
1991/12;388.51;3.14
1992/01;416.08;2.94
1992/02;412.56;2.98
1992/03;407.36;3.03
1992/04;407.41;3.02
1992/05;414.81;2.97
1992/06;408.27;3.02
1992/07;415.05;2.97
1992/08;417.93;2.96
1992/09;418.48;2.96
1992/1;412.50;3
1992/11;422.84;2.93
1992/12;435.64;2.84
1993/01;435.23;2.85
1993/02;441.70;2.82
1993/03;450.16;2.77
1993/04;443.08;2.82
1993/05;445.25;2.81
1993/06;448.06;2.79
1993/07;447.29;2.8
1993/08;454.13;2.76
1993/09;459.24;2.73
1993/1;463.90;2.7
1993/11;462.89;2.71
1993/12;465.95;2.7
1994/01;472.99;2.67
1994/02;471.58;2.69
1994/03;463.81;2.74
1994/04;447.23;2.85
1994/05;450.90;2.84
1994/06;454.83;2.82
1994/07;451.40;2.85
1994/08;464.24;2.78
1994/09;466.96;2.77
1994/1;463.81;2.8
1994/11;461.01;2.84
1994/12;455.19;2.89
1995/01;465.25;2.83
1995/02;481.92;2.73
1995/03;493.15;2.67
1995/04;507.91;2.61
1995/05;523.81;2.54
1995/06;539.35;2.48
1995/07;557.37;2.41
1995/08;559.11;2.42
1995/09;578.77;2.35
1995/1;582.92;2.34
1995/11;595.53;2.3
1995/12;614.57;2.24
1996/01;614.42;2.26
1996/02;649.54;2.16
1996/03;647.07;2.18
1996/04;647.17;2.19
1996/05;661.23;2.15
1996/06;668.50;2.14
1996/07;644.07;2.24
1996/08;662.68;2.19
1996/09;674.88;2.17
1996/1;701.46;2.1
1996/11;735.67;2.01
1996/12;743.25;2
1997/01;766.22;1.95
1997/02;798.39;1.88
1997/03;792.16;1.9
1997/04;763.93;1.98
1997/05;833.09;1.82
1997/06;876.29;1.73
1997/07;925.29;1.64
1997/08;927.24;1.65
1997/09;937.02;1.64
1997/1;951.16;1.62
1997/11;938.92;1.64
1997/12;962.37;1.61
1998/01;963.36;1.61
1998/02;1023.74;1.52
1998/03;1076.83;1.45
1998/04;1112.20;1.42
1998/05;1108.42;1.43
1998/06;1108.39;1.44
1998/07;1156.58;1.38
1998/08;1074.62;1.5
1998/09;1020.64;1.58
1998/1;1032.47;1.57
1998/11;1144.43;1.41
1998/12;1190.05;1.36
1999/01;1248.77;1.3
1999/02;1246.58;1.31
1999/03;1281.66;1.28
1999/04;1334.76;1.23
1999/05;1332.07;1.23
1999/06;1322.55;1.24
1999/07;1380.99;1.2
1999/08;1327.49;1.25
1999/09;1318.17;1.26
1999/1;1300.01;1.28
1999/11;1391.00;1.2
1999/12;1428.68;1.17
2000/01;1425.59;1.17
2000/02;1388.87;1.21
2000/03;1442.21;1.16
2000/04;1461.36;1.15
2000/05;1418.48;1.18
2000/06;1461.96;1.14
2000/07;1473.00;1.13
2000/08;1485.46;1.11
2000/09;1468.05;1.11
2000/1;1390.14;1.17
2000/11;1378.04;1.18
2000/12;1330.93;1.22
2001/01;1335.63;1.21
2001/02;1305.75;1.23
2001/03;1185.85;1.35
2001/04;1189.84;1.33
2001/05;1270.37;1.24
2001/06;1238.71;1.27
2001/07;1204.45;1.3
2001/08;1178.50;1.33
2001/09;1044.64;1.51
2001/1;1076.59;1.46
2001/11;1129.68;1.39
2001/12;1144.93;1.37
2002/01;1140.21;1.38
2002/02;1100.67;1.43
2002/03;1153.79;1.36
2002/04;1111.93;1.42
2002/05;1079.25;1.48
2002/06;1014.02;1.58
2002/07;903.59;1.77
2002/08;912.55;1.74
2002/09;867.81;1.82
2002/1;854.63;1.86
2002/11;909.93;1.76
2002/12;899.18;1.79
2003/01;895.84;1.8
2003/02;837.03;1.93
2003/03;846.63;1.92
2003/04;890.03;1.82
2003/05;935.96;1.73
2003/06;988.00;1.64
2003/07;992.54;1.64
2003/08;989.53;1.66
2003/09;1019.44;1.63
2003/1;1038.73;1.62
2003/11;1049.90;1.63
2003/12;1080.64;1.61
2004/01;1132.52;1.55
2004/02;1143.36;1.56
2004/03;1123.98;1.6
2004/04;1133.36;1.61
2004/05;1102.78;1.67
2004/06;1132.76;1.64
2004/07;1105.85;1.7
2004/08;1088.94;1.74
2004/09;1117.66;1.71
2004/1;1117.21;1.72
2004/11;1168.94;1.66
2004/12;1199.21;1.62
2005/01;1181.41;1.67
2005/02;1199.63;1.66
2005/03;1194.90;1.69
2005/04;1164.43;1.76
2005/05;1178.28;1.76
2005/06;1202.25;1.74
2005/07;1222.24;1.73
2005/08;1224.27;1.74
2005/09;1225.92;1.75
2005/1;1191.96;1.82
2005/11;1237.37;1.78
2005/12;1262.07;1.76
2006/01;1278.73;1.75
2006/02;1276.65;1.77
2006/03;1293.74;1.76
2006/04;1302.17;1.77
2006/05;1290.01;1.8
2006/06;1253.17;1.87
2006/07;1260.24;1.88
2006/08;1287.15;1.85
2006/09;1317.74;1.83
2006/1;1363.38;1.79
2006/11;1388.64;1.77
2006/12;1416.42;1.76
2007/01;1424.16;1.76
2007/02;1444.80;1.75
2007/03;1406.95;1.81
2007/04;1463.64;1.76
2007/05;1511.14;1.72
2007/06;1514.19;1.73
2007/07;1520.71;1.74
2007/08;1454.62;1.84
2007/09;1497.12;1.8
2007/1;1539.66;1.77
2007/11;1463.39;1.88
2007/12;1479.22;1.87
2008/01;1378.76;2.03
2008/02;1354.87;2.07
2008/03;1316.94;2.15
2008/04;1370.47;2.08
2008/05;1403.22;2.04
2008/06;1341.25;2.14
2008/07;1257.33;2.29
2008/08;1281.47;2.25
2008/09;1216.95;2.37
2008/1;968.8;2.96
2008/11;883.04;3.23
2008/12;877.56;3.23
2009/01;865.58;3.24
2009/02;805.23;3.43
2009/03;757.13;3.6
2009/04;848.15;3.15
2009/05;902.41;2.9
2009/06;926.12;2.76
2009/07;935.82;2.67
2009/08;1009.73;2.42
2009/09;1044.55;2.29
2009/1;1067.66;2.19
2009/11;1088.07;2.1
2009/12;1110.38;2.02
2010/01;1123.58;1.98
2010/02;1089.16;2.03
2010/03;1152.05;1.9
2010/04;1197.32;1.83
2010/05;1125.06;1.95
2010/06;1083.36;2.03
2010/07;1079.8;2.05
2010/08;1087.28;2.05
2010/09;1122.08;1.99
2010/1;1171.58;1.92
2010/11;1198.89;1.89
2010/12;1241.53;1.83
2011/01;1282.62;1.79
2011/02;1321.12;1.76
2011/03;1304.49;1.8
2011/04;1331.51;1.78
2011/05;1338.31;1.8
2011/06;1287.29;1.89
2011/07;1325.19;1.86
2011/08;1185.31;2.1
2011/09;1173.88;2.15
2011/1;1207.22;2.12
2011/11;1226.42;2.12
2011/12;1243.32;2.13
2012/01;1300.58;2.06
2012/02;1352.49;2
2012/03;1389.24;1.97
2012/04;1386.43;2
2012/05;1341.27;2.09
2012/06;1323.48;2.14
2012/07;1359.78;2.11
2012/08;1403.45;2.08
2012/09;1443.42;2.05
2012/1;1437.82;2.1
2012/11;1394.51;2.2
2012/12;1422.29;2.2
2013/01;1480.4;2.13
2013/02;1512.31;2.1
2013/03;1550.83;2.07
2013/04;1570.7;2.07
2013/05;1639.84;2.01
2013/06;1618.77;2.06
2013/07;1668.68;2.02
2013/08;1670.09;2.04
2013/09;1687.17;2.04
2013/1;1720.03;2.01
2013/11;1783.54;1.95
2013/12;1807.78;1.94
2014/01;1822.36;1.94
2014/02;1817.04;1.97
2014/03;1863.52;1.94
2014/04;1864.26;1.96
2014/05;1889.77;1.96
2014/06;1947.09;1.92
2014/07;1973.1;1.91
2014/08;1961.53;1.94
2014/09;1993.23;1.93
2014/1;1937.27;2
2014/11;2044.57;1.91
2014/12;2054.27;1.92
2015/01;2028.18;1.97
2015/02;2082.2;1.94
2015/03;2079.99;1.96
2015/04;2094.86;1.96
2015/05;2111.94;1.96
2015/06;2099.29;1.99
2015/07;2094.14;2.01
2015/08;2039.87;2.07
2015/09;1944.41;2.19
2015/1;2024.81;2.11
2015/11;2080.62;2.07
2015/12;2054.08;2.11
2016/01;1918.6;2.27
2016/02;1904.42;2.3
2016/03;2021.95;2.17
2016/04;2075.54;2.12
2016/05;2065.55;2.14
2016/06;2083.89;2.13
2016/07;2148.9;2.08
2016/08;2170.95;2.07
2016/09;2157.69;2.09
2016/1;2143.02;2.11
2016/11;2164.99;2.1
2016/12;2246.63;2.03
2017/01;2275.12;2.02
2017/02;2329.91;1.98
2017/03;2366.82;1.96
2017/04;2359.31;1.98
2017/05;2395.35;1.96
2017/06;2433.99;1.94
2017/07;2454.1;1.94
2017/08;2456.22;1.95
2017/09;2492.84;1.93
2017/1;2557;1.89
2017/11;2593.61;1.88
2017/12;2664.34;1.84
2018/01;2789.8;1.77
2018/02;2705.16;1.84
2018/03;2702.77;1.85
2018/04;2642.19;1.9
